STATION,DATE,TYPE,TEMP,DEW PNT,RH,W.DIR,W.SPEED,PRECIP,GC,FFMC,DMC,DC,ISI,BUI,FWI,DGR
BLUE RIVER 2,2021-05-01,ACTUAL,9.8,1.5,56,149,10,3.4,,55,10,29,0.5,11,0,1
BLUE RIVER 2,2021-05-02,ACTUAL,14.2,-5.1,26,178,6,0,,78.4,13,34,1.3,13,1,1
BLUE RIVER 2,2021-05-03,ACTUAL,12.5,-1.2,39,212,8,0,,84.9,15,39,3.2,15,4,2
BLUE RIVER 2,2021-05-04,ACTUAL,10.8,1.6,53,16,9,2,,72.6,14,43,1.1,16,1,1
BLUE RIVER 2,2021-05-05,ACTUAL,16.4,-6.7,20,39,11,0,,87.9,18,49,5.6,19,8,2
BLUE RIVER 2,2021-05-06,ACTUAL,12.9,1.8,47,30,4,0,,88,20,53,3.9,21,6,2
BLUE RIVER 2,2021-05-07,ACTUAL,8.2,4.1,75,198,15,10.2,,42.7,10,41,0.1,13,0,1
BLUE RIVER 2,2021-05-08,ACTUAL,12.9,-7.8,23,265,6,0,,72.2,13,46,0.9,15,1,1
BLUE RIVER 2,2021-05-09,ACTUAL,15.2,-7.7,20,289,6,0,,86.6,17,51,3.5,18,5,2
BLUE RIVER 2,2021-05-10,ACTUAL,11,5.2,67,274,5,1.8,,70.6,16,56,0.8,19,1,1
BLUE RIVER 2,2021-05-11,ACTUAL,17.8,-5.5,20,94,4,0,,86.7,20,61,3.3,22,6,2
BLUE RIVER 2,2021-05-12,ACTUAL,16.1,0.5,35,158,5,0,,88.7,23,67,4.5,25,8,3
BLUE RIVER 2,2021-05-13,ACTUAL,18.8,0.7,30,82,7,0,,90.4,27,72,6.3,28,12,3
BLUE RIVER 2,2021-05-14,ACTUAL,21,-2.2,21,245,7,0,,92.8,31,78,8.9,31,16,3
BLUE RIVER 2,2021-05-15,ACTUAL,22.2,1.2,25,199,8,0.2,,92.8,36,85,9.6,36,18,3
BLUE RIVER 2,2021-05-16,ACTUAL,23.9,2.6,25,74,13,0,,92.9,41,92,12.6,41,24,3
BLUE RIVER 2,2021-05-17,ACTUAL,12.2,6.3,67,232,19,1.6,,77.3,40,96,2.3,40,6,2
BLUE RIVER 2,2021-05-18,MANUAL,6,3.3,83,192,14,22.2,50,85,6,15,4.2,6,3,
BLUE RIVER 2,2021-05-19,ACTUAL,9.6,2,59,86,7,3.2,50,62.1,5,16,0.7,6,0,1
BLUE RIVER 2,2021-05-20,ACTUAL,13.9,-5.9,25,35,17,0.4,50,83.5,8,21,4.1,8,4,2
BLUE RIVER 2,2021-05-21,ACTUAL,17.2,-14.9,10,29,14,0,50,93.4,12,27,14.1,12,14,2
BLUE RIVER 2,2021-05-22,ACTUAL,21,-7.6,14,101,8,0,50,94.8,17,33,12.4,17,15,2
BLUE RIVER 2,2021-05-23,MANUAL,23.5,-1.5,19,61,10,0,,94.9,22,40,13.9,22,19,3
BLUE RIVER 2,2021-05-24,MANUAL,14.5,9,69,239,7,3,,65.7,18,42,0.8,18,1,1
BLUE RIVER 2,2021-05-25,ACTUAL,12.9,10.6,86,222,3,4.8,,37.3,12,41,0,14,0,1
BLUE RIVER 2,2021-05-26,ACTUAL,16.5,5.7,49,80,5,2.6,,56.9,11,46,0.4,14,0,1
BLUE RIVER 2,2021-05-27,ACTUAL,10.1,9,93,193,3,6,,24.7,7,42,0,9,0,1
BLUE RIVER 2,2021-05-28,ACTUAL,12.7,5.4,61,191,14,9.2,,41.1,4,33,0.1,6,0,1
BLUE RIVER 2,2021-05-29,ACTUAL,16.4,5,47,201,11,0.6,,70.5,7,39,1.1,9,1,1
BLUE RIVER 2,2021-05-30,ACTUAL,23.3,3.2,27,100,8,0,,88.3,11,45,5.1,14,7,2
BLUE RIVER 2,2021-05-31,ACTUAL,25.6,4,25,331,8,0,,92.5,17,52,9.2,19,13,2
BLUE RIVER 2,2021-06-01,ACTUAL,25.8,5.8,28,24,8,0,,92.5,22,60,9.2,23,14,3
BLUE RIVER 2,2021-06-02,ACTUAL,30.2,-0.3,14,200,16,0,,96.2,29,69,23.1,29,30,3
BLUE RIVER 2,2021-06-03,ACTUAL,21.9,7.2,39,19,4,0,,92.8,33,76,7.9,33,15,3
BLUE RIVER 2,2021-06-04,ACTUAL,16.5,7.5,55,193,19,1.2,,83.2,35,83,4.3,35,9,3
BLUE RIVER 2,2021-06-05,ACTUAL,12.4,5.8,64,163,6,6.4,,50.8,21,79,0.2,25,0,2
BLUE RIVER 2,2021-06-06,ACTUAL,8.7,5.3,79,57,3,9.8,,26.4,11,68,0,16,0,1
BLUE RIVER 2,2021-06-07,ACTUAL,7.7,5.3,85,354,5,12.8,,16.8,5,51,0,9,0,1
BLUE RIVER 2,2021-06-08,ACTUAL,16.4,1.9,38,320,8,2.4,,54.5,7,58,0.4,10,0,1
BLUE RIVER 2,2021-06-09,MANUAL,12.2,6.7,69,67,12,0.6,,68.9,8,63,1.1,12,1,1
BLUE RIVER 2,2021-06-10,ACTUAL,15.4,1.4,39,70,12,2.2,,73.8,8,69,1.3,13,1,1
BLUE RIVER 2,2021-06-11,ACTUAL,16.1,-1.2,31,206,14,1.6,,80.5,11,76,2.4,16,3,2
BLUE RIVER 2,2021-06-12,ACTUAL,16.8,3.7,42,78,10,0.2,,86.2,14,82,4,19,6,2
BLUE RIVER 2,2021-06-13,ACTUAL,11.2,8.9,86,136,3,0.6,,81.5,14,87,1.5,20,2,2
BLUE RIVER 2,2021-06-14,ACTUAL,17.4,12.8,74,96,5,0.2,,82.2,15,94,1.9,22,3,2
BLUE RIVER 2,2021-06-15,MANUAL,15.2,12.5,84,86,2,20,,27.1,7,64,0,11,0,1
BLUE RIVER 2,2021-06-16,MANUAL,15.8,4.8,48,239,11,8.2,,49.3,6,57,0.3,9,0,1
BLUE RIVER 2,2021-06-17,MANUAL,23,0.1,22,227,15,0,,85.7,11,65,4.9,15,7,2
BLUE RIVER 2,2021-06-18,ACTUAL,24.6,2,23,106,12,0,,92.4,16,73,11.2,20,15,3
BLUE RIVER 2,2021-06-19,ACTUAL,13.8,11,83,146,3,2,,66.9,14,79,0.7,20,1,1
BLUE RIVER 2,2021-06-20,ACTUAL,22.4,8.4,41,83,9,7.4,,66.8,11,75,0.9,16,1,1
BLUE RIVER 2,2021-06-21,ACTUAL,27.7,4.6,23,44,7,0,,90,17,83,6,23,10,3
BLUE RIVER 2,2021-06-22,ACTUAL,30.1,5.4,21,226,15,0,,94.5,24,92,17.5,29,25,3
BLUE RIVER 2,2021-06-23,ACTUAL,21.7,7.8,41,55,7,0,,91.8,27,99,7.8,32,15,3
BLUE RIVER 2,2021-06-24,ACTUAL,25.3,5.9,29,68,6,0.6,,91.7,32,107,7.3,37,15,3
BLUE RIVER 2,2021-06-25,ACTUAL,28.7,9.8,31,341,10,0,,92.3,37,116,9.8,41,20,3
BLUE RIVER 2,2021-06-26,ACTUAL,33.3,10.6,25,44,8,0,,94.3,44,125,11.8,47,24,4
BLUE RIVER 2,2021-06-27,ACTUAL,35.6,10.6,22,38,6,0,,95.4,52,135,12.6,53,27,4
BLUE RIVER 2,2021-06-28,ACTUAL,35.7,13.2,26,32,8,0,,95.5,59,145,13.5,59,30,4
BLUE RIVER 2,2021-06-29,ACTUAL,37.2,14.5,26,41,6,0,,95.5,66,155,12.8,66,30,4
BLUE RIVER 2,2021-06-30,ACTUAL,35.8,12.7,25,54,9,0,,95.6,74,165,14.8,74,35,5
BLUE RIVER 2,2021-07-01,ACTUAL,33.1,13.7,31,43,8,0,,94.8,79,174,12.5,79,33,5
BLUE RIVER 2,2021-07-02,ACTUAL,27.3,18.2,57,42,9,7.4,,70.2,48,168,1,56,3,3
BLUE RIVER 2,2021-07-03,ACTUAL,26.9,6.8,28,75,4,0,,88.7,53,177,4.4,61,13,3
BLUE RIVER 2,2021-07-04,ACTUAL,26.4,11.7,40,207,20,0,,90.1,57,185,11.8,64,28,4
BLUE RIVER 2,2021-07-05,ACTUAL,25.9,12,42,131,4,0,,90.1,60,194,5.3,68,16,3
BLUE RIVER 2,2021-07-06,ACTUAL,26.9,11.3,38,273,7,0.4,,90.6,65,202,6.6,72,20,4
BLUE RIVER 2,2021-07-07,ACTUAL,27.9,11.4,36,44,8,0,,91.2,69,211,7.6,76,23,4
BLUE RIVER 2,2021-07-08,ACTUAL,29.3,11.7,34,229,5,0,,91.8,74,220,7.3,80,23,4
BLUE RIVER 2,2021-07-09,ACTUAL,29.3,10.3,31,30,7,0.2,,92.4,79,229,8.5,85,26,4
BLUE RIVER 2,2021-07-10,ACTUAL,26.4,15.5,51,48,7,1,,86.6,82,237,3.7,88,14,4
BLUE RIVER 2,2021-07-11,ACTUAL,27.9,9.6,32,22,12,0,,91.5,86,246,9.9,92,30,4
BLUE RIVER 2,2021-07-12,ACTUAL,29.6,4.9,21,90,8,0,,94.4,92,255,12,97,35,5
BLUE RIVER 2,2021-07-13,ACTUAL,28.6,7.7,27,46,8,0,,94.4,97,264,12.1,101,36,5
BLUE RIVER 2,2021-07-14,ACTUAL,27.6,9.8,33,54,5,0,,93.6,102,273,9.4,105,31,4
BLUE RIVER 2,2021-07-15,ACTUAL,25.1,10.5,40,33,9,0,,92,105,281,8.9,109,30,4
BLUE RIVER 2,2021-07-16,ACTUAL,23.5,11.9,48,47,7,0,,90.4,108,289,6.5,112,25,4
BLUE RIVER 2,2021-07-17,ACTUAL,23.2,10.9,46,43,11,1.8,,83,99,297,2.9,108,13,4
BLUE RIVER 2,2021-07-18,ACTUAL,27,8.8,32,61,9,0,,90.7,104,305,7.4,112,27,4
BLUE RIVER 2,2021-07-19,ACTUAL,28.9,5.7,23,43,8,0,,93.8,109,314,10.9,117,36,5
BLUE RIVER 2,2021-07-20,ACTUAL,27.5,6.8,27,69,7,0,,93.8,114,323,10.7,121,36,5
BLUE RIVER 2,2021-07-21,ACTUAL,26.4,0.2,18,219,21,0,,94.8,120,331,24.7,126,62,5
BLUE RIVER 2,2021-07-22,ACTUAL,17.8,5,43,207,18,0.2,,91,122,338,12.3,128,40,5
BLUE RIVER 2,2021-07-23,ACTUAL,22,6.1,36,347,8,0,,91,126,346,7.3,132,29,5
BLUE RIVER 2,2021-07-24,ACTUAL,21.9,8,41,36,7,0,,90.9,129,353,7.1,135,28,5
BLUE RIVER 2,2021-07-25,ACTUAL,25.3,9.9,38,12,4,0,,90.9,133,362,6.1,138,26,5
BLUE RIVER 2,2021-07-26,ACTUAL,26.2,9,34,34,9,0,,91.3,137,370,8.2,142,32,5
BLUE RIVER 2,2021-07-27,ACTUAL,28.8,5.6,23,209,15,0,,93.9,142,379,16.1,147,50,5
BLUE RIVER 2,2021-07-28,ACTUAL,23.7,8.9,39,41,8,0,,92.1,146,387,8.8,150,34,5
BLUE RIVER 2,2021-07-29,ACTUAL,25.4,10.4,39,43,8,0,,91.9,150,395,8.2,154,32,5
BLUE RIVER 2,2021-07-30,ACTUAL,26.1,12.5,43,60,6,0,,91.4,153,404,7.1,157,30,5
BLUE RIVER 2,2021-07-31,ACTUAL,27.4,12.2,39,43,8,0,,91.4,157,412,7.8,161,32,5
BLUE RIVER 2,2021-08-01,ACTUAL,21.8,13.3,58,62,6,0,,88.7,159,419,4.8,163,23,5
BLUE RIVER 2,2021-08-02,ACTUAL,21.9,17.8,77,292,4,7.8,,48.7,75,398,0.2,102,0,2
BLUE RIVER 2,2021-08-03,ACTUAL,23.5,17.8,70,258,5,2.2,,60.4,66,405,0.5,93,2,3
BLUE RIVER 2,2021-08-04,ACTUAL,25.8,11.1,40,63,7,0,,84,69,413,2.6,97,12,4
BLUE RIVER 2,2021-08-05,ACTUAL,27.8,12.5,39,68,8,0,,89.7,73,421,6.1,102,22,4
BLUE RIVER 2,2021-08-06,ACTUAL,20,12.8,63,327,3,0,,87.5,74,427,3.6,104,15,4
BLUE RIVER 2,2021-08-07,ACTUAL,14.1,13.6,97,13,4,2.6,,51.5,61,433,0.2,90,1,2
BLUE RIVER 2,2021-08-08,ACTUAL,22.8,11.2,48,117,6,6,,61.8,40,419,0.6,64,2,3
BLUE RIVER 2,2021-08-09,ACTUAL,23.7,11.1,45,198,18,0,,84.3,42,426,4.7,68,15,3
BLUE RIVER 2,2021-08-10,ACTUAL,21.6,7.7,41,234,12,0,,88.3,45,433,6.3,72,19,4
BLUE RIVER 2,2021-08-11,ACTUAL,27.9,4.2,22,210,22,0,,93.8,50,441,22.3,78,47,5
BLUE RIVER 2,2021-08-12,ACTUAL,27.4,4.4,23,2,8,0,,93.9,54,449,11.1,84,31,4
BLUE RIVER 2,2021-08-13,ACTUAL,30.2,8.5,26,239,5,0,,93.9,59,458,9.7,89,29,4
BLUE RIVER 2,2021-08-14,ACTUAL,25.5,9.7,37,42,9,0,,92.6,63,465,9.6,94,30,4
BLUE RIVER 2,2021-08-15,ACTUAL,18.2,15.8,86,85,4,0,,83.8,63,472,2.2,95,10,4
BLUE RIVER 2,2021-08-16,ACTUAL,18.5,15.4,82,56,6,6.4,,46.1,38,453,0.1,63,0,2
BLUE RIVER 2,2021-08-17,ACTUAL,15.4,10.6,73,77,7,0.8,,61.6,39,459,0.6,65,2,3
BLUE RIVER 2,2021-08-18,ACTUAL,20.6,7.5,43,256,8,0,,81.6,42,465,2.1,68,8,3
BLUE RIVER 2,2021-08-19,ACTUAL,20.9,9.5,48,177,9,0,,86.4,44,472,4,72,14,4
BLUE RIVER 2,2021-08-20,ACTUAL,22.9,9.3,42,47,9,0.4,,88.7,47,479,5.7,76,18,4
BLUE RIVER 2,2021-08-21,ACTUAL,21.4,4.4,33,223,16,0,,90.5,50,486,10.4,80,29,4
BLUE RIVER 2,2021-08-22,ACTUAL,8.1,6.5,90,208,9,42.2,,22,18,313,0,31,0,2
BLUE RIVER 2,2021-08-23,ACTUAL,12.8,9.5,80,209,9,1.6,,38.6,18,318,0,31,0,2
BLUE RIVER 2,2021-08-24,ACTUAL,19,6.4,44,71,5,0,,70.1,20,324,0.8,35,1,2
BLUE RIVER 2,2021-08-25,ACTUAL,21.3,9.2,46,63,6,0,,83.3,22,331,2.2,38,6,2
BLUE RIVER 2,2021-08-26,ACTUAL,16.4,8.9,61,190,3,0,,84.3,24,337,2.2,40,6,2
BLUE RIVER 2,2021-08-27,ACTUAL,19.2,9.7,54,205,19,2.2,,77.8,22,344,2.5,39,6,2
BLUE RIVER 2,2021-08-28,ACTUAL,16.6,9.4,62,43,4,0.2,,81.9,24,350,1.7,41,4,2
BLUE RIVER 2,2021-08-29,ACTUAL,20.7,10.8,53,66,9,0.2,,85.7,26,356,3.6,44,9,3
BLUE RIVER 2,2021-08-30,ACTUAL,19.1,8.8,51,5,5,0,,86.7,28,363,3.4,47,9,3
BLUE RIVER 2,2021-08-31,ACTUAL,11.1,8.7,85,217,12,17.2,,32.6,12,309,0,21,0,2
BLUE RIVER 2,2021-09-01,ACTUAL,13.3,9.4,77,112,4,9,,27.9,6,287,0,12,0,1
BLUE RIVER 2,2021-09-02,ACTUAL,18.2,7.3,49,59,6,0,,62.6,8,292,0.6,15,0,1
BLUE RIVER 2,2021-09-03,ACTUAL,19.2,8.8,51,28,6,0,,79.1,10,298,1.4,18,2,2
BLUE RIVER 2,2021-09-04,ACTUAL,16.2,9.5,64,165,5,0,,82.2,11,302,1.9,20,3,2
BLUE RIVER 2,2021-09-05,ACTUAL,15.9,14.2,90,45,8,13.2,,29.8,5,268,0,10,0,1
BLUE RIVER 2,2021-09-06,ACTUAL,18.6,8.9,53,173,4,0.2,,61.4,7,273,0.5,13,0,1
BLUE RIVER 2,2021-09-07,ACTUAL,23.8,7.7,36,30,7,0,,84.2,10,279,2.6,18,4,2
BLUE RIVER 2,2021-09-08,ACTUAL,12.3,11.8,97,80,4,0.8,,75.8,10,283,1,18,1,1
BLUE RIVER 2,2021-09-09,ACTUAL,20.6,12.7,60,58,6,1,,79.1,11,289,1.4,21,2,2
BLUE RIVER 2,2021-09-10,ACTUAL,17.5,12.9,74,52,7,2.8,,62.7,9,289,0.7,17,1,1
BLUE RIVER 2,2021-09-11,ACTUAL,15.4,13.2,87,57,5,1,,62.7,9,294,0.6,18,1,1
BLUE RIVER 2,2021-09-12,ACTUAL,17.7,9.9,60,209,10,3,,64.2,8,294,0.9,15,1,1
BLUE RIVER 2,2021-09-13,ACTUAL,14.7,7.8,63,106,6,0,,75.3,9,298,1,17,1,1
BLUE RIVER 2,2021-09-14,ACTUAL,9.5,8.2,92,309,4,0.2,,75.5,9,301,1,17,1,1
BLUE RIVER 2,2021-09-15,ACTUAL,12,-0.9,41,284,11,12.2,,53.1,5,270,0.4,10,0,1
BLUE RIVER 2,2021-09-16,ACTUAL,12.2,1.5,48,194,8,0,,72.8,7,274,1.1,13,1,1
BLUE RIVER 2,2021-09-17,ACTUAL,6.9,5.7,92,240,5,4,,37.7,4,269,0,7,0,1
BLUE RIVER 2,2021-09-18,ACTUAL,13.3,9.6,78,78,7,38.8,,24.6,2,168,0,3,0,1
BLUE RIVER 2,2021-09-19,ACTUAL,11.1,6.9,75,259,8,2.2,,39,1,172,0,3,0,1
BLUE RIVER 2,2021-09-20,ACTUAL,12.2,7.4,72,28,5,3.4,,41.7,1,171,0.1,2,0,1
BLUE RIVER 2,2021-09-21,ACTUAL,16.8,7.5,54,206,13,0,,70.4,2,176,1.2,4,0,1
BLUE RIVER 2,2021-09-22,ACTUAL,14.3,11.1,81,185,9,6.4,,42.8,1,168,0.1,2,0,1
BLUE RIVER 2,2021-09-23,ACTUAL,16.1,6.8,54,50,7,0,,68.3,3,173,0.9,5,0,1
BLUE RIVER 2,2021-09-24,ACTUAL,17.9,7.3,50,52,4,0,,80.4,4,178,1.5,8,1,1
BLUE RIVER 2,2021-09-25,ACTUAL,14.8,10.3,74,55,3,0,,81.3,5,182,1.5,9,1,1
BLUE RIVER 2,2021-09-26,ACTUAL,12.4,12.1,98,59,4,9,,22,2,167,0,4,0,1
BLUE RIVER 2,2021-09-27,ACTUAL,16.9,5.5,47,194,16,7,,53.9,2,159,0.6,4,0,1
BLUE RIVER 2,2021-09-28,ACTUAL,10.4,8.2,86,81,5,2.4,,44.6,1,162,0.1,3,0,1
BLUE RIVER 2,2021-09-29,ACTUAL,7.9,5.7,86,264,10,4.6,,32,0,158,0,1,0,1
BLUE RIVER 2,2021-09-30,ACTUAL,10.8,8.4,85,153,6,11.4,,20.6,0,138,0,1,0,1
BLUE RIVER 2,2021-10-01,ACTUAL,13.3,7.2,66,58,5,4,,36.6,1,136,0,1,0,1
BLUE RIVER 2,2021-10-02,ACTUAL,8.2,7.4,95,75,4,1.2,,35.1,1,138,0,2,0,1
BLUE RIVER 2,2021-10-03,ACTUAL,11.2,6.8,74,10,9,0.6,,53.8,1,141,0.4,3,0,1
BLUE RIVER 2,2021-10-04,ACTUAL,9.3,3.8,68,345,4,0,,65.5,2,143,0.6,3,0,1
BLUE RIVER 2,2021-10-05,ACTUAL,5.8,5.3,97,234,4,2.4,,41.9,1,145,0.1,1,0,1
BLUE RIVER 2,2021-10-06,ACTUAL,7.5,5.8,89,57,5,14.6,,16.3,0,117,0,0,0,1
BLUE RIVER 2,2021-10-07,ACTUAL,7.3,4.4,82,43,7,0.8,,30.8,0,119,0,1,0,1
BLUE RIVER 2,2021-10-08,ACTUAL,7,1.9,70,21,6,0,,48.6,1,121,0.2,1,0,1
BLUE RIVER 2,2021-10-09,ACTUAL,4.8,2.8,87,20,5,0,,55,1,123,0.4,2,0,1
BLUE RIVER 2,2021-10-10,ACTUAL,6.7,1.3,68,349,11,18.8,,32.4,0,88,0,1,0,1
BLUE RIVER 2,2021-10-11,ACTUAL,5.8,0.8,70,57,7,0.2,,49.5,1,90,0.2,1,0,1
BLUE RIVER 2,2021-10-12,ACTUAL,3.6,-0.6,74,173,3,0.2,,58.8,1,91,0.5,2,0,1
BLUE RIVER 2,2021-10-13,ACTUAL,3.9,1.9,87,208,3,3.6,,35.9,0,88,0,0,0,1
BLUE RIVER 2,2021-10-14,ACTUAL,3.7,2,89,229,3,0,,41.9,0,90,0.1,0,0,1
BLUE RIVER 2,2021-10-15,ACTUAL,4.5,4.2,98,246,5,3.4,,22.6,0,87,0,0,0,1
BLUE RIVER 2,2021-10-16,ACTUAL,6.9,6.6,98,25,8,8.6,,7.2,0,75,0,0,0,1
BLUE RIVER 2,2021-10-17,ACTUAL,9.1,5.7,79,106,15,5.2,,26,0,70,0,1,0,1
BLUE RIVER 2,2021-10-18,ACTUAL,6.2,4.2,87,340,7,2.4,,28.3,0,72,0,0,0,1
BLUE RIVER 2,2021-10-19,ACTUAL,5.9,4,88,136,4,0,,37,0,74,0,1,0,1
BLUE RIVER 2,2021-10-20,ACTUAL,5.5,3.5,87,153,2,0,,44,0,76,0.1,1,0,1
BLUE RIVER 2,2021-10-21,ACTUAL,6.6,5.5,93,37,4,1.8,,37.1,0,78,0,0,0,1
BLUE RIVER 2,2021-10-22,ACTUAL,6.4,5.8,96,249,4,7.2,,13.7,0,68,0,0,0,1
BLUE RIVER 2,2021-10-23,ACTUAL,9.6,7.9,89,80,5,5.8,,15.8,0,63,0,0,0,1
BLUE RIVER 2,2021-10-24,ACTUAL,7.3,5.7,90,257,3,0.6,,23.3,0,65,0,1,0,1
BLUE RIVER 2,2021-10-25,ACTUAL,6.1,5.6,97,21,5,9.2,,7.5,0,52,0,0,0,1
BLUE RIVER 2,2021-10-26,ACTUAL,11.2,6,70,179,8,4.8,,29.8,1,49,0,1,0,1
BLUE RIVER 2,2021-10-27,ACTUAL,8.3,2.2,65,218,10,2.6,,43.4,0,51,0.1,1,0,1
BLUE RIVER 2,2021-10-28,ACTUAL,2.7,2.4,98,199,3,3.2,,24,0,49,0,0,0,1
BLUE RIVER 2,2021-10-29,ACTUAL,5.6,3.3,85,78,2,3.2,,22.7,0,48,0,0,0,1
BLUE RIVER 2,2021-10-30,ACTUAL,3.2,-3.1,63,252,4,0,,40.2,0,49,0,1,0,1
BLUE RIVER 2,2021-10-31,ACTUAL,2,-3.9,65,55,7,0,,55.1,1,50,0.4,1,0,1
BLUEBERRY,2021-05-01,[object Object],,,,,,,,,,,,,,
BLUEBERRY,2021-05-02,[object Object],,,,,,,,,,,,,,
BLUEBERRY,2021-05-03,[object Object],,,,,,,,,,,,,,
BLUEBERRY,2021-05-04,[object Object],,,,,,,,,,,,,,
BLUEBERRY,2021-05-05,[object Object],,,,,,,,,,,,,,
BLUEBERRY,2021-05-06,[object Object],,,,,,,,,,,,,,
BLUEBERRY,2021-05-07,[object Object],,,,,,,,,,,,,,
BLUEBERRY,2021-05-08,[object Object],,,,,,,,,,,,,,
BLUEBERRY,2021-05-09,[object Object],,,,,,,,,,,,,,
BLUEBERRY,2021-05-10,[object Object],,,,,,,,,,,,,,
BLUEBERRY,2021-05-11,[object Object],,,,,,,,,,,,,,
BLUEBERRY,2021-05-12,[object Object],,,,,,,,,,,,,,
BLUEBERRY,2021-05-13,[object Object],,,,,,,,,,,,,,
BLUEBERRY,2021-05-14,[object Object],,,,,,,,,,,,,,
BLUEBERRY,2021-05-15,[object Object],,,,,,,,,,,,,,
BLUEBERRY,2021-05-16,[object Object],,,,,,,,,,,,,,
BLUEBERRY,2021-05-17,[object Object],,,,,,,,,,,,,,
BLUEBERRY,2021-05-18,[object Object],,,,,,,,,,,,,,
BLUEBERRY,2021-05-19,[object Object],,,,,,,,,,,,,,
BLUEBERRY,2021-05-20,[object Object],,,,,,,,,,,,,,
BLUEBERRY,2021-05-21,[object Object],,,,,,,,,,,,,,
BLUEBERRY,2021-05-22,[object Object],,,,,,,,,,,,,,
BLUEBERRY,2021-05-23,[object Object],,,,,,,,,,,,,,
BLUEBERRY,2021-05-24,[object Object],,,,,,,,,,,,,,
BLUEBERRY,2021-05-25,[object Object],,,,,,,,,,,,,,
BLUEBERRY,2021-05-26,[object Object],,,,,,,,,,,,,,
BLUEBERRY,2021-05-27,[object Object],,,,,,,,,,,,,,
BLUEBERRY,2021-05-28,[object Object],,,,,,,,,,,,,,
BLUEBERRY,2021-05-29,[object Object],,,,,,,,,,,,,,
BLUEBERRY,2021-05-30,[object Object],,,,,,,,,,,,,,
BLUEBERRY,2021-05-31,[object Object],,,,,,,,,,,,,,
BLUEBERRY,2021-06-01,[object Object],,,,,,,,,,,,,,
BLUEBERRY,2021-06-02,[object Object],,,,,,,,,,,,,,
BLUEBERRY,2021-06-03,[object Object],,,,,,,,,,,,,,
BLUEBERRY,2021-06-04,[object Object],,,,,,,,,,,,,,
BLUEBERRY,2021-06-05,[object Object],,,,,,,,,,,,,,
BLUEBERRY,2021-06-06,[object Object],,,,,,,,,,,,,,
BLUEBERRY,2021-06-07,[object Object],,,,,,,,,,,,,,
BLUEBERRY,2021-06-08,[object Object],,,,,,,,,,,,,,
BLUEBERRY,2021-06-09,[object Object],,,,,,,,,,,,,,
BLUEBERRY,2021-06-10,[object Object],,,,,,,,,,,,,,
BLUEBERRY,2021-06-11,[object Object],,,,,,,,,,,,,,
BLUEBERRY,2021-06-12,[object Object],,,,,,,,,,,,,,
BLUEBERRY,2021-06-13,[object Object],,,,,,,,,,,,,,
BLUEBERRY,2021-06-14,[object Object],,,,,,,,,,,,,,
BLUEBERRY,2021-06-15,[object Object],,,,,,,,,,,,,,
BLUEBERRY,2021-06-16,[object Object],,,,,,,,,,,,,,
BLUEBERRY,2021-06-17,[object Object],,,,,,,,,,,,,,
BLUEBERRY,2021-06-18,[object Object],,,,,,,,,,,,,,
BLUEBERRY,2021-06-19,[object Object],,,,,,,,,,,,,,
BLUEBERRY,2021-06-20,[object Object],,,,,,,,,,,,,,
BLUEBERRY,2021-06-21,[object Object],,,,,,,,,,,,,,
BLUEBERRY,2021-06-22,[object Object],,,,,,,,,,,,,,
BLUEBERRY,2021-06-23,[object Object],,,,,,,,,,,,,,
BLUEBERRY,2021-06-24,[object Object],,,,,,,,,,,,,,
BLUEBERRY,2021-06-25,[object Object],,,,,,,,,,,,,,
BLUEBERRY,2021-06-26,[object Object],,,,,,,,,,,,,,
BLUEBERRY,2021-06-27,[object Object],,,,,,,,,,,,,,
BLUEBERRY,2021-06-28,[object Object],,,,,,,,,,,,,,
BLUEBERRY,2021-06-29,[object Object],,,,,,,,,,,,,,
BLUEBERRY,2021-06-30,[object Object],,,,,,,,,,,,,,
BLUEBERRY,2021-07-01,[object Object],,,,,,,,,,,,,,
BLUEBERRY,2021-07-02,[object Object],,,,,,,,,,,,,,
BLUEBERRY,2021-07-03,[object Object],,,,,,,,,,,,,,
BLUEBERRY,2021-07-04,[object Object],,,,,,,,,,,,,,
BLUEBERRY,2021-07-05,[object Object],,,,,,,,,,,,,,
BLUEBERRY,2021-07-06,[object Object],,,,,,,,,,,,,,
BLUEBERRY,2021-07-07,[object Object],,,,,,,,,,,,,,
BLUEBERRY,2021-07-08,[object Object],,,,,,,,,,,,,,
BLUEBERRY,2021-07-09,[object Object],,,,,,,,,,,,,,
BLUEBERRY,2021-07-10,[object Object],,,,,,,,,,,,,,
BLUEBERRY,2021-07-11,[object Object],,,,,,,,,,,,,,
BLUEBERRY,2021-07-12,[object Object],,,,,,,,,,,,,,
BLUEBERRY,2021-07-13,[object Object],,,,,,,,,,,,,,
BLUEBERRY,2021-07-14,[object Object],,,,,,,,,,,,,,
BLUEBERRY,2021-07-15,[object Object],,,,,,,,,,,,,,
BLUEBERRY,2021-07-16,[object Object],,,,,,,,,,,,,,
BLUEBERRY,2021-07-17,[object Object],,,,,,,,,,,,,,
BLUEBERRY,2021-07-18,[object Object],,,,,,,,,,,,,,
BLUEBERRY,2021-07-19,[object Object],,,,,,,,,,,,,,
BLUEBERRY,2021-07-20,[object Object],,,,,,,,,,,,,,
BLUEBERRY,2021-07-21,[object Object],,,,,,,,,,,,,,
BLUEBERRY,2021-07-22,[object Object],,,,,,,,,,,,,,
BLUEBERRY,2021-07-23,[object Object],,,,,,,,,,,,,,
BLUEBERRY,2021-07-24,[object Object],,,,,,,,,,,,,,
BLUEBERRY,2021-07-25,[object Object],,,,,,,,,,,,,,
BLUEBERRY,2021-07-26,[object Object],,,,,,,,,,,,,,
BLUEBERRY,2021-07-27,[object Object],,,,,,,,,,,,,,
BLUEBERRY,2021-07-28,[object Object],,,,,,,,,,,,,,
BLUEBERRY,2021-07-29,[object Object],,,,,,,,,,,,,,
BLUEBERRY,2021-07-30,[object Object],,,,,,,,,,,,,,
BLUEBERRY,2021-07-31,[object Object],,,,,,,,,,,,,,
BLUEBERRY,2021-08-01,[object Object],,,,,,,,,,,,,,
BLUEBERRY,2021-08-02,[object Object],,,,,,,,,,,,,,
BLUEBERRY,2021-08-03,[object Object],,,,,,,,,,,,,,
BLUEBERRY,2021-08-04,[object Object],,,,,,,,,,,,,,
BLUEBERRY,2021-08-05,[object Object],,,,,,,,,,,,,,
BLUEBERRY,2021-08-06,[object Object],,,,,,,,,,,,,,
BLUEBERRY,2021-08-07,[object Object],,,,,,,,,,,,,,
BLUEBERRY,2021-08-08,[object Object],,,,,,,,,,,,,,
BLUEBERRY,2021-08-09,[object Object],,,,,,,,,,,,,,
BLUEBERRY,2021-08-10,[object Object],,,,,,,,,,,,,,
BLUEBERRY,2021-08-11,[object Object],,,,,,,,,,,,,,
BLUEBERRY,2021-08-12,[object Object],,,,,,,,,,,,,,
BLUEBERRY,2021-08-13,[object Object],,,,,,,,,,,,,,
BLUEBERRY,2021-08-14,[object Object],,,,,,,,,,,,,,
BLUEBERRY,2021-08-15,[object Object],,,,,,,,,,,,,,
BLUEBERRY,2021-08-16,[object Object],,,,,,,,,,,,,,
BLUEBERRY,2021-08-17,[object Object],,,,,,,,,,,,,,
BLUEBERRY,2021-08-18,[object Object],,,,,,,,,,,,,,
BLUEBERRY,2021-08-19,[object Object],,,,,,,,,,,,,,
BLUEBERRY,2021-08-20,[object Object],,,,,,,,,,,,,,
BLUEBERRY,2021-08-21,[object Object],,,,,,,,,,,,,,
BLUEBERRY,2021-08-22,[object Object],,,,,,,,,,,,,,
BLUEBERRY,2021-08-23,[object Object],,,,,,,,,,,,,,
BLUEBERRY,2021-08-24,[object Object],,,,,,,,,,,,,,
BLUEBERRY,2021-08-25,[object Object],,,,,,,,,,,,,,
BLUEBERRY,2021-08-26,[object Object],,,,,,,,,,,,,,
BLUEBERRY,2021-08-27,[object Object],,,,,,,,,,,,,,
BLUEBERRY,2021-08-28,[object Object],,,,,,,,,,,,,,
BLUEBERRY,2021-08-29,[object Object],,,,,,,,,,,,,,
BLUEBERRY,2021-08-30,[object Object],,,,,,,,,,,,,,
BLUEBERRY,2021-08-31,[object Object],,,,,,,,,,,,,,
BLUEBERRY,2021-09-01,[object Object],,,,,,,,,,,,,,
BLUEBERRY,2021-09-02,[object Object],,,,,,,,,,,,,,
BLUEBERRY,2021-09-03,[object Object],,,,,,,,,,,,,,
BLUEBERRY,2021-09-04,[object Object],,,,,,,,,,,,,,
BLUEBERRY,2021-09-05,[object Object],,,,,,,,,,,,,,
BLUEBERRY,2021-09-06,[object Object],,,,,,,,,,,,,,
BLUEBERRY,2021-09-07,[object Object],,,,,,,,,,,,,,
BLUEBERRY,2021-09-08,[object Object],,,,,,,,,,,,,,
BLUEBERRY,2021-09-09,[object Object],,,,,,,,,,,,,,
BLUEBERRY,2021-09-10,[object Object],,,,,,,,,,,,,,
BLUEBERRY,2021-09-11,[object Object],,,,,,,,,,,,,,
BLUEBERRY,2021-09-12,[object Object],,,,,,,,,,,,,,
BLUEBERRY,2021-09-13,[object Object],,,,,,,,,,,,,,
BLUEBERRY,2021-09-14,[object Object],,,,,,,,,,,,,,
BLUEBERRY,2021-09-15,[object Object],,,,,,,,,,,,,,
BLUEBERRY,2021-09-16,[object Object],,,,,,,,,,,,,,
BLUEBERRY,2021-09-17,[object Object],,,,,,,,,,,,,,
BLUEBERRY,2021-09-18,[object Object],,,,,,,,,,,,,,
BLUEBERRY,2021-09-19,[object Object],,,,,,,,,,,,,,
BLUEBERRY,2021-09-20,[object Object],,,,,,,,,,,,,,
BLUEBERRY,2021-09-21,[object Object],,,,,,,,,,,,,,
BLUEBERRY,2021-09-22,[object Object],,,,,,,,,,,,,,
BLUEBERRY,2021-09-23,[object Object],,,,,,,,,,,,,,
BLUEBERRY,2021-09-24,[object Object],,,,,,,,,,,,,,
BLUEBERRY,2021-09-25,[object Object],,,,,,,,,,,,,,
BLUEBERRY,2021-09-26,[object Object],,,,,,,,,,,,,,
BLUEBERRY,2021-09-27,[object Object],,,,,,,,,,,,,,
BLUEBERRY,2021-09-28,[object Object],,,,,,,,,,,,,,
BLUEBERRY,2021-09-29,[object Object],,,,,,,,,,,,,,
BLUEBERRY,2021-09-30,[object Object],,,,,,,,,,,,,,
BLUEBERRY,2021-10-01,[object Object],,,,,,,,,,,,,,
BLUEBERRY,2021-10-02,[object Object],,,,,,,,,,,,,,
BLUEBERRY,2021-10-03,[object Object],,,,,,,,,,,,,,
BLUEBERRY,2021-10-04,[object Object],,,,,,,,,,,,,,
BLUEBERRY,2021-10-05,[object Object],,,,,,,,,,,,,,
BLUEBERRY,2021-10-06,[object Object],,,,,,,,,,,,,,
BLUEBERRY,2021-10-07,[object Object],,,,,,,,,,,,,,
BLUEBERRY,2021-10-08,[object Object],,,,,,,,,,,,,,
BLUEBERRY,2021-10-09,[object Object],,,,,,,,,,,,,,
BLUEBERRY,2021-10-10,[object Object],,,,,,,,,,,,,,
BLUEBERRY,2021-10-11,[object Object],,,,,,,,,,,,,,
BLUEBERRY,2021-10-12,[object Object],,,,,,,,,,,,,,
BLUEBERRY,2021-10-13,[object Object],,,,,,,,,,,,,,
BLUEBERRY,2021-10-14,[object Object],,,,,,,,,,,,,,
BLUEBERRY,2021-10-15,[object Object],,,,,,,,,,,,,,
BLUEBERRY,2021-10-16,[object Object],,,,,,,,,,,,,,
BLUEBERRY,2021-10-17,[object Object],,,,,,,,,,,,,,
BLUEBERRY,2021-10-18,[object Object],,,,,,,,,,,,,,
BLUEBERRY,2021-10-19,[object Object],,,,,,,,,,,,,,
BLUEBERRY,2021-10-20,[object Object],,,,,,,,,,,,,,
BLUEBERRY,2021-10-21,[object Object],,,,,,,,,,,,,,
BLUEBERRY,2021-10-22,[object Object],,,,,,,,,,,,,,
BLUEBERRY,2021-10-23,[object Object],,,,,,,,,,,,,,
BLUEBERRY,2021-10-24,[object Object],,,,,,,,,,,,,,
BLUEBERRY,2021-10-25,[object Object],,,,,,,,,,,,,,
BLUEBERRY,2021-10-26,[object Object],,,,,,,,,,,,,,
BLUEBERRY,2021-10-27,[object Object],,,,,,,,,,,,,,
BLUEBERRY,2021-10-28,[object Object],,,,,,,,,,,,,,
BLUEBERRY,2021-10-29,[object Object],,,,,,,,,,,,,,
BLUEBERRY,2021-10-30,[object Object],,,,,,,,,,,,,,
BLUEBERRY,2021-10-31,[object Object],,,,,,,,,,,,,,
GOATLICK,2021-05-01,[object Object],,,,,,,,,,,,,,
GOATLICK,2021-05-02,[object Object],,,,,,,,,,,,,,
GOATLICK,2021-05-03,[object Object],,,,,,,,,,,,,,
GOATLICK,2021-05-04,[object Object],,,,,,,,,,,,,,
GOATLICK,2021-05-05,[object Object],,,,,,,,,,,,,,
GOATLICK,2021-05-06,[object Object],,,,,,,,,,,,,,
GOATLICK,2021-05-07,[object Object],,,,,,,,,,,,,,
GOATLICK,2021-05-08,[object Object],,,,,,,,,,,,,,
GOATLICK,2021-05-09,[object Object],,,,,,,,,,,,,,
GOATLICK,2021-05-10,[object Object],,,,,,,,,,,,,,
GOATLICK,2021-05-11,[object Object],,,,,,,,,,,,,,
GOATLICK,2021-05-12,[object Object],,,,,,,,,,,,,,
GOATLICK,2021-05-13,[object Object],,,,,,,,,,,,,,
GOATLICK,2021-05-14,[object Object],,,,,,,,,,,,,,
GOATLICK,2021-05-15,[object Object],,,,,,,,,,,,,,
GOATLICK,2021-05-16,[object Object],,,,,,,,,,,,,,
GOATLICK,2021-05-17,[object Object],,,,,,,,,,,,,,
GOATLICK,2021-05-18,[object Object],,,,,,,,,,,,,,
GOATLICK,2021-05-19,[object Object],,,,,,,,,,,,,,
GOATLICK,2021-05-20,[object Object],,,,,,,,,,,,,,
GOATLICK,2021-05-21,[object Object],,,,,,,,,,,,,,
GOATLICK,2021-05-22,[object Object],,,,,,,,,,,,,,
GOATLICK,2021-05-23,[object Object],,,,,,,,,,,,,,
GOATLICK,2021-05-24,[object Object],,,,,,,,,,,,,,
GOATLICK,2021-05-25,[object Object],,,,,,,,,,,,,,
GOATLICK,2021-05-26,[object Object],,,,,,,,,,,,,,
GOATLICK,2021-05-27,[object Object],,,,,,,,,,,,,,
GOATLICK,2021-05-28,[object Object],,,,,,,,,,,,,,
GOATLICK,2021-05-29,[object Object],,,,,,,,,,,,,,
GOATLICK,2021-05-30,[object Object],,,,,,,,,,,,,,
GOATLICK,2021-05-31,[object Object],,,,,,,,,,,,,,
GOATLICK,2021-06-01,[object Object],,,,,,,,,,,,,,
GOATLICK,2021-06-02,[object Object],,,,,,,,,,,,,,
GOATLICK,2021-06-03,[object Object],,,,,,,,,,,,,,
GOATLICK,2021-06-04,[object Object],,,,,,,,,,,,,,
GOATLICK,2021-06-05,[object Object],,,,,,,,,,,,,,
GOATLICK,2021-06-06,[object Object],,,,,,,,,,,,,,
GOATLICK,2021-06-07,[object Object],,,,,,,,,,,,,,
GOATLICK,2021-06-08,[object Object],,,,,,,,,,,,,,
GOATLICK,2021-06-09,[object Object],,,,,,,,,,,,,,
GOATLICK,2021-06-10,[object Object],,,,,,,,,,,,,,
GOATLICK,2021-06-11,[object Object],,,,,,,,,,,,,,
GOATLICK,2021-06-12,[object Object],,,,,,,,,,,,,,
GOATLICK,2021-06-13,[object Object],,,,,,,,,,,,,,
GOATLICK,2021-06-14,[object Object],,,,,,,,,,,,,,
GOATLICK,2021-06-15,[object Object],,,,,,,,,,,,,,
GOATLICK,2021-06-16,[object Object],,,,,,,,,,,,,,
GOATLICK,2021-06-17,[object Object],,,,,,,,,,,,,,
GOATLICK,2021-06-18,[object Object],,,,,,,,,,,,,,
GOATLICK,2021-06-19,[object Object],,,,,,,,,,,,,,
GOATLICK,2021-06-20,[object Object],,,,,,,,,,,,,,
GOATLICK,2021-06-21,[object Object],,,,,,,,,,,,,,
GOATLICK,2021-06-22,[object Object],,,,,,,,,,,,,,
GOATLICK,2021-06-23,[object Object],,,,,,,,,,,,,,
GOATLICK,2021-06-24,[object Object],,,,,,,,,,,,,,
GOATLICK,2021-06-25,[object Object],,,,,,,,,,,,,,
GOATLICK,2021-06-26,[object Object],,,,,,,,,,,,,,
GOATLICK,2021-06-27,[object Object],,,,,,,,,,,,,,
GOATLICK,2021-06-28,[object Object],,,,,,,,,,,,,,
GOATLICK,2021-06-29,[object Object],,,,,,,,,,,,,,
GOATLICK,2021-06-30,[object Object],,,,,,,,,,,,,,
GOATLICK,2021-07-01,[object Object],,,,,,,,,,,,,,
GOATLICK,2021-07-02,[object Object],,,,,,,,,,,,,,
GOATLICK,2021-07-03,[object Object],,,,,,,,,,,,,,
GOATLICK,2021-07-04,[object Object],,,,,,,,,,,,,,
GOATLICK,2021-07-05,[object Object],,,,,,,,,,,,,,
GOATLICK,2021-07-06,[object Object],,,,,,,,,,,,,,
GOATLICK,2021-07-07,[object Object],,,,,,,,,,,,,,
GOATLICK,2021-07-08,[object Object],,,,,,,,,,,,,,
GOATLICK,2021-07-09,[object Object],,,,,,,,,,,,,,
GOATLICK,2021-07-10,[object Object],,,,,,,,,,,,,,
GOATLICK,2021-07-11,[object Object],,,,,,,,,,,,,,
GOATLICK,2021-07-12,[object Object],,,,,,,,,,,,,,
GOATLICK,2021-07-13,[object Object],,,,,,,,,,,,,,
GOATLICK,2021-07-14,[object Object],,,,,,,,,,,,,,
GOATLICK,2021-07-15,[object Object],,,,,,,,,,,,,,
GOATLICK,2021-07-16,[object Object],,,,,,,,,,,,,,
GOATLICK,2021-07-17,[object Object],,,,,,,,,,,,,,
GOATLICK,2021-07-18,[object Object],,,,,,,,,,,,,,
GOATLICK,2021-07-19,[object Object],,,,,,,,,,,,,,
GOATLICK,2021-07-20,[object Object],,,,,,,,,,,,,,
GOATLICK,2021-07-21,[object Object],,,,,,,,,,,,,,
GOATLICK,2021-07-22,[object Object],,,,,,,,,,,,,,
GOATLICK,2021-07-23,[object Object],,,,,,,,,,,,,,
GOATLICK,2021-07-24,[object Object],,,,,,,,,,,,,,
GOATLICK,2021-07-25,[object Object],,,,,,,,,,,,,,
GOATLICK,2021-07-26,[object Object],,,,,,,,,,,,,,
GOATLICK,2021-07-27,[object Object],,,,,,,,,,,,,,
GOATLICK,2021-07-28,[object Object],,,,,,,,,,,,,,
GOATLICK,2021-07-29,[object Object],,,,,,,,,,,,,,
GOATLICK,2021-07-30,[object Object],,,,,,,,,,,,,,
GOATLICK,2021-07-31,[object Object],,,,,,,,,,,,,,
GOATLICK,2021-08-01,[object Object],,,,,,,,,,,,,,
GOATLICK,2021-08-02,[object Object],,,,,,,,,,,,,,
GOATLICK,2021-08-03,[object Object],,,,,,,,,,,,,,
GOATLICK,2021-08-04,[object Object],,,,,,,,,,,,,,
GOATLICK,2021-08-05,[object Object],,,,,,,,,,,,,,
GOATLICK,2021-08-06,[object Object],,,,,,,,,,,,,,
GOATLICK,2021-08-07,[object Object],,,,,,,,,,,,,,
GOATLICK,2021-08-08,[object Object],,,,,,,,,,,,,,
GOATLICK,2021-08-09,[object Object],,,,,,,,,,,,,,
GOATLICK,2021-08-10,[object Object],,,,,,,,,,,,,,
GOATLICK,2021-08-11,[object Object],,,,,,,,,,,,,,
GOATLICK,2021-08-12,[object Object],,,,,,,,,,,,,,
GOATLICK,2021-08-13,[object Object],,,,,,,,,,,,,,
GOATLICK,2021-08-14,[object Object],,,,,,,,,,,,,,
GOATLICK,2021-08-15,[object Object],,,,,,,,,,,,,,
GOATLICK,2021-08-16,[object Object],,,,,,,,,,,,,,
GOATLICK,2021-08-17,[object Object],,,,,,,,,,,,,,
GOATLICK,2021-08-18,[object Object],,,,,,,,,,,,,,
GOATLICK,2021-08-19,[object Object],,,,,,,,,,,,,,
GOATLICK,2021-08-20,[object Object],,,,,,,,,,,,,,
GOATLICK,2021-08-21,[object Object],,,,,,,,,,,,,,
GOATLICK,2021-08-22,[object Object],,,,,,,,,,,,,,
GOATLICK,2021-08-23,[object Object],,,,,,,,,,,,,,
GOATLICK,2021-08-24,[object Object],,,,,,,,,,,,,,
GOATLICK,2021-08-25,[object Object],,,,,,,,,,,,,,
GOATLICK,2021-08-26,[object Object],,,,,,,,,,,,,,
GOATLICK,2021-08-27,[object Object],,,,,,,,,,,,,,
GOATLICK,2021-08-28,[object Object],,,,,,,,,,,,,,
GOATLICK,2021-08-29,[object Object],,,,,,,,,,,,,,
GOATLICK,2021-08-30,[object Object],,,,,,,,,,,,,,
GOATLICK,2021-08-31,[object Object],,,,,,,,,,,,,,
GOATLICK,2021-09-01,[object Object],,,,,,,,,,,,,,
GOATLICK,2021-09-02,[object Object],,,,,,,,,,,,,,
GOATLICK,2021-09-03,[object Object],,,,,,,,,,,,,,
GOATLICK,2021-09-04,[object Object],,,,,,,,,,,,,,
GOATLICK,2021-09-05,[object Object],,,,,,,,,,,,,,
GOATLICK,2021-09-06,[object Object],,,,,,,,,,,,,,
GOATLICK,2021-09-07,[object Object],,,,,,,,,,,,,,
GOATLICK,2021-09-08,[object Object],,,,,,,,,,,,,,
GOATLICK,2021-09-09,[object Object],,,,,,,,,,,,,,
GOATLICK,2021-09-10,[object Object],,,,,,,,,,,,,,
GOATLICK,2021-09-11,[object Object],,,,,,,,,,,,,,
GOATLICK,2021-09-12,[object Object],,,,,,,,,,,,,,
GOATLICK,2021-09-13,[object Object],,,,,,,,,,,,,,
GOATLICK,2021-09-14,[object Object],,,,,,,,,,,,,,
GOATLICK,2021-09-15,[object Object],,,,,,,,,,,,,,
GOATLICK,2021-09-16,[object Object],,,,,,,,,,,,,,
GOATLICK,2021-09-17,[object Object],,,,,,,,,,,,,,
GOATLICK,2021-09-18,[object Object],,,,,,,,,,,,,,
GOATLICK,2021-09-19,[object Object],,,,,,,,,,,,,,
GOATLICK,2021-09-20,[object Object],,,,,,,,,,,,,,
GOATLICK,2021-09-21,[object Object],,,,,,,,,,,,,,
GOATLICK,2021-09-22,[object Object],,,,,,,,,,,,,,
GOATLICK,2021-09-23,[object Object],,,,,,,,,,,,,,
GOATLICK,2021-09-24,[object Object],,,,,,,,,,,,,,
GOATLICK,2021-09-25,[object Object],,,,,,,,,,,,,,
GOATLICK,2021-09-26,[object Object],,,,,,,,,,,,,,
GOATLICK,2021-09-27,[object Object],,,,,,,,,,,,,,
GOATLICK,2021-09-28,[object Object],,,,,,,,,,,,,,
GOATLICK,2021-09-29,[object Object],,,,,,,,,,,,,,
GOATLICK,2021-09-30,[object Object],,,,,,,,,,,,,,
GOATLICK,2021-10-01,[object Object],,,,,,,,,,,,,,
GOATLICK,2021-10-02,[object Object],,,,,,,,,,,,,,
GOATLICK,2021-10-03,[object Object],,,,,,,,,,,,,,
GOATLICK,2021-10-04,[object Object],,,,,,,,,,,,,,
GOATLICK,2021-10-05,[object Object],,,,,,,,,,,,,,
GOATLICK,2021-10-06,[object Object],,,,,,,,,,,,,,
GOATLICK,2021-10-07,[object Object],,,,,,,,,,,,,,
GOATLICK,2021-10-08,[object Object],,,,,,,,,,,,,,
GOATLICK,2021-10-09,[object Object],,,,,,,,,,,,,,
GOATLICK,2021-10-10,[object Object],,,,,,,,,,,,,,
GOATLICK,2021-10-11,[object Object],,,,,,,,,,,,,,
GOATLICK,2021-10-12,[object Object],,,,,,,,,,,,,,
GOATLICK,2021-10-13,[object Object],,,,,,,,,,,,,,
GOATLICK,2021-10-14,[object Object],,,,,,,,,,,,,,
GOATLICK,2021-10-15,[object Object],,,,,,,,,,,,,,
GOATLICK,2021-10-16,[object Object],,,,,,,,,,,,,,
GOATLICK,2021-10-17,[object Object],,,,,,,,,,,,,,
GOATLICK,2021-10-18,[object Object],,,,,,,,,,,,,,
GOATLICK,2021-10-19,[object Object],,,,,,,,,,,,,,
GOATLICK,2021-10-20,[object Object],,,,,,,,,,,,,,
GOATLICK,2021-10-21,[object Object],,,,,,,,,,,,,,
GOATLICK,2021-10-22,[object Object],,,,,,,,,,,,,,
GOATLICK,2021-10-23,[object Object],,,,,,,,,,,,,,
GOATLICK,2021-10-24,[object Object],,,,,,,,,,,,,,
GOATLICK,2021-10-25,[object Object],,,,,,,,,,,,,,
GOATLICK,2021-10-26,[object Object],,,,,,,,,,,,,,
GOATLICK,2021-10-27,[object Object],,,,,,,,,,,,,,
GOATLICK,2021-10-28,[object Object],,,,,,,,,,,,,,
GOATLICK,2021-10-29,[object Object],,,,,,,,,,,,,,
GOATLICK,2021-10-30,[object Object],,,,,,,,,,,,,,
GOATLICK,2021-10-31,[object Object],,,,,,,,,,,,,,
GOSNEL,2021-05-01,ACTUAL,6.9,-6.2,39,353,7,0,,,,,,,,
GOSNEL,2021-05-02,ACTUAL,5,-5.7,46,288,3,0,,,,,,,,
GOSNEL,2021-05-03,ACTUAL,5.1,-2.7,57,149,15,0,,,,,,,,
GOSNEL,2021-05-04,ACTUAL,4.6,1.3,79,130,3,0,,,,,,,,
GOSNEL,2021-05-05,ACTUAL,9.9,-7.9,28,60,6,0,,,,,,,,
GOSNEL,2021-05-06,ACTUAL,11.4,-4.9,32,189,6,0,,,,,,,,
GOSNEL,2021-05-07,ACTUAL,0.4,-0.3,95,163,15,5,,,,,,,,
GOSNEL,2021-05-08,ACTUAL,6.1,-5,45,258,5,2.6,,,,,,,,
GOSNEL,2021-05-09,ACTUAL,8.1,-7.8,32,195,4,0.4,,,,,,,,
GOSNEL,2021-05-10,ACTUAL,4.4,-0.4,71,166,9,1.2,,,,,,,,
GOSNEL,2021-05-11,ACTUAL,8.4,-5.2,38,106,5,1.2,,,,,,,,
GOSNEL,2021-05-12,ACTUAL,9.9,-2.8,41,261,4,2,,,,,,,,
GOSNEL,2021-05-13,ACTUAL,11.1,-0.1,46,19,5,1.8,,,,,,,,
GOSNEL,2021-05-14,ACTUAL,11.3,-2.3,39,169,4,1.4,,,,,,,,
GOSNEL,2021-05-15,ACTUAL,14.5,-1.3,34,217,7,1.4,,,,,,,,
GOSNEL,2021-05-16,ACTUAL,13.6,2.2,46,111,7,1.2,,,,,,,,
GOSNEL,2021-05-17,ACTUAL,3.3,3.2,99,234,11,1,,,,,,,,
GOSNEL,2021-05-18,ACTUAL,1.4,0.1,91,172,18,0.6,,,,,,,,
GOSNEL,2021-05-19,ACTUAL,1.5,0,90,9,2,0.2,,,,,,,,
GOSNEL,2021-05-20,ACTUAL,5.6,-6.4,42,13,9,0.2,,,,,,,,
GOSNEL,2021-05-21,ACTUAL,9.3,-14.6,17,3,9,0,,,,,,,,
GOSNEL,2021-05-22,ACTUAL,13.7,-9.6,19,50,5,0.2,,,,,,,,
GOSNEL,2021-05-23,ACTUAL,16.9,-5,22,4,4,0,,,,,,,,
GOSNEL,2021-05-24,ACTUAL,6.2,4.5,89,323,6,0.4,,,,,,,,
GOSNEL,2021-05-25,ACTUAL,9.8,4.2,68,155,4,0.4,,,,,,,,
GOSNEL,2021-05-26,ACTUAL,6.8,2.5,74,159,17,2.4,,,,,,,,
GOSNEL,2021-05-27,ACTUAL,3.1,2.4,95,186,16,0,,,,,,,,
GOSNEL,2021-05-28,ACTUAL,2.1,1.1,93,180,15,0,,,,,,,,
GOSNEL,2021-05-29,ACTUAL,8.3,0.1,56,183,8,0,,,,,,,,
GOSNEL,2021-05-30,ACTUAL,14.5,0.2,38,183,10,0,,,,,,,,
GOSNEL,2021-05-31,ACTUAL,18.3,4,39,151,6,0,,,,,,,,
GOSNEL,2021-06-01,ACTUAL,18.6,6.1,44,336,5,0,,,,,,,,
GOSNEL,2021-06-02,ACTUAL,20.1,0.9,28,145,17,0,,,,,,,,
GOSNEL,2021-06-03,ACTUAL,15.4,4.7,49,74,4,0,,,,,,,,
GOSNEL,2021-06-04,ACTUAL,8.6,0.6,57,165,19,0,,,,,,,,
GOSNEL,2021-06-05,ACTUAL,3,1.8,92,167,15,5.8,,,,,,,,
GOSNEL,2021-06-06,ACTUAL,3.3,1.9,91,175,14,0,,,,,,,,
GOSNEL,2021-06-07,ACTUAL,1.4,0.4,93,164,15,0,,,,,,,,
GOSNEL,2021-06-08,ACTUAL,10.9,3.5,60,61,4,0,,,,,,,,
GOSNEL,2021-06-09,ACTUAL,5.1,2.6,84,338,3,0,,,,,,,,
GOSNEL,2021-06-10,ACTUAL,3.3,0.5,82,322,16,0,,,,,,,,
GOSNEL,2021-06-11,ACTUAL,6.1,-2.3,55,144,18,0,,,,,,,,
GOSNEL,2021-06-12,ACTUAL,5.4,2.6,82,181,10,0,,,,,,,,
GOSNEL,2021-06-13,ACTUAL,7.8,5.8,87,0,2,0,,,,,,,,
GOSNEL,2021-06-14,ACTUAL,14.4,5.8,56,182,7,0,,,,,,,,
GOSNEL,2021-06-15,ACTUAL,5.2,5,99,168,12,1,,,,,,,,
GOSNEL,2021-06-16,ACTUAL,8.1,3,70,176,9,0,,,,,,,,
GOSNEL,2021-06-17,ACTUAL,15.1,-2,31,249,6,0,,,,,,,,
GOSNEL,2021-06-18,ACTUAL,13.3,0.6,42,161,10,0,,,,,,,,
GOSNEL,2021-06-19,ACTUAL,7.3,6.4,94,163,5,4,,,,,,,,
GOSNEL,2021-06-20,ACTUAL,15.4,4.1,47,48,5,14.2,,,,,,,,
GOSNEL,2021-06-21,ACTUAL,19.1,2.8,34,72,5,0,,85,6,15,2.7,6,2,
GOSNEL,2021-06-22,ACTUAL,20.6,5.7,38,233,6,0,,88.6,10,22,4.8,10,5,2
GOSNEL,2021-06-23,ACTUAL,9.7,6.3,79,308,12,0.8,,81.2,10,27,2.4,11,2,2
GOSNEL,2021-06-24,ACTUAL,15.6,5.8,52,341,3,2.2,,70.4,10,33,0.7,12,0,1
GOSNEL,2021-06-25,ACTUAL,19.5,7.6,46,300,4,0,,82.4,13,40,1.9,14,2,2
GOSNEL,2021-06-26,ACTUAL,24.2,9.3,39,19,4,0,,88.4,17,48,4.2,18,6,2
GOSNEL,2021-06-27,ACTUAL,28.1,8.8,30,137,8,0,,92,23,57,8.4,23,13,3
GOSNEL,2021-06-28,ACTUAL,29.8,9.3,28,140,7,0,,93.1,28,65,9.3,28,16,3
GOSNEL,2021-06-29,ACTUAL,32.1,9,24,137,10,0,,94.4,35,75,13.1,35,23,3
GOSNEL,2021-06-30,ACTUAL,33.3,9.3,23,95,5,0,,94.8,42,84,11.1,42,22,3
GOSNEL,2021-07-01,ACTUAL,28,11,35,154,9,0,,93.4,46,93,10.7,46,23,4
GOSNEL,2021-07-02,ACTUAL,18.2,14.3,78,84,3,7.4,,45.7,27,88,0.1,31,0,2
GOSNEL,2021-07-03,ACTUAL,19.3,5.3,40,95,3,0,,73.2,30,95,0.8,34,1,2
GOSNEL,2021-07-04,ACTUAL,17.2,7.9,54,24,3,0,,81.1,32,102,1.5,36,3,2
GOSNEL,2021-07-05,ACTUAL,15.8,9.5,66,127,3,0.8,,79.5,34,108,1.2,38,3,2
GOSNEL,2021-07-06,ACTUAL,17.4,9.1,58,167,8,5,,60.8,23,108,0.6,30,1,2
GOSNEL,2021-07-07,ACTUAL,21.5,3.1,30,35,4,0,,83.3,27,115,2.1,34,5,2
GOSNEL,2021-07-08,ACTUAL,22.1,8.5,42,159,5,0,,87.8,30,123,4,37,9,3
GOSNEL,2021-07-09,ACTUAL,22,4.9,33,151,7,0,,90.3,34,131,6.4,41,14,3
GOSNEL,2021-07-10,ACTUAL,19.1,8.5,50,214,6,1.6,,80.3,35,138,1.6,43,4,2
GOSNEL,2021-07-11,ACTUAL,16.7,4.3,44,20,6,0,,85.5,37,145,3,45,8,3
GOSNEL,2021-07-12,ACTUAL,20.9,-0.5,24,12,5,0,,91,41,152,6.3,49,16,3
GOSNEL,2021-07-13,ACTUAL,22.8,0.5,23,46,3,0,,92.7,45,160,7.1,53,18,4
GOSNEL,2021-07-14,ACTUAL,20.6,5.7,38,160,18,0,,91.5,49,167,12.9,56,28,4
GOSNEL,2021-07-15,ACTUAL,19.6,7.6,46,155,10,0,,90.1,51,174,7.1,59,19,4
GOSNEL,2021-07-16,ACTUAL,14.6,10.1,74,140,7,1,,80.2,52,181,1.7,61,6,3
GOSNEL,2021-07-17,ACTUAL,16.1,7.6,57,147,16,3,,70.2,43,184,1.4,54,5,3
GOSNEL,2021-07-18,ACTUAL,19.2,6.3,43,132,16,0,,84.5,46,191,4.4,57,13,3
GOSNEL,2021-07-19,ACTUAL,22.2,1.7,26,138,16,0,,91.2,50,198,11.2,61,27,4
GOSNEL,2021-07-20,ACTUAL,19.2,2.8,34,143,15,0,,91.3,53,206,10.9,64,27,4
GOSNEL,2021-07-21,ACTUAL,16.6,0.1,33,152,20,0,,91.3,56,212,14.3,67,33,4
GOSNEL,2021-07-22,ACTUAL,6.6,2,72,171,17,0.2,,85.6,56,217,5.4,68,17,3
GOSNEL,2021-07-23,ACTUAL,9.8,1.7,57,165,13,0,,85.6,57,223,4.4,70,14,3
GOSNEL,2021-07-24,ACTUAL,14.3,5.4,55,161,8,0,,85.7,59,229,3.4,72,12,4
GOSNEL,2021-07-25,ACTUAL,18.8,7.2,47,146,12,0,,87.3,61,236,5.4,74,17,4
GOSNEL,2021-07-26,ACTUAL,14.7,5,52,164,18,2.4,,75,54,242,1.9,69,7,3
GOSNEL,2021-07-27,ACTUAL,18.7,4.7,40,57,6,0,,85,56,249,2.9,72,11,4
GOSNEL,2021-07-28,ACTUAL,21.1,6.1,38,148,15,0,,88.9,60,257,7.8,76,23,4
GOSNEL,2021-07-29,ACTUAL,21.5,9.4,46,165,7,0,,89,63,265,5.2,79,18,4
GOSNEL,2021-07-30,ACTUAL,23.8,6,32,118,3,0,,90.9,67,273,5.8,83,19,4
GOSNEL,2021-07-31,ACTUAL,28.4,3.9,21,124,5,0,,94.1,72,281,9.8,88,29,4
GOSNEL,2021-08-01,ACTUAL,23.2,5.9,33,9,2,0,,93.1,75,289,7.4,91,25,4
GOSNEL,2021-08-02,ACTUAL,16.4,13.3,82,162,12,6.2,,50.3,46,279,0.3,65,1,2
GOSNEL,2021-08-03,ACTUAL,22.6,8.3,40,141,13,0,,81.1,49,286,2.4,69,9,3
GOSNEL,2021-08-04,ACTUAL,22.6,7.9,39,134,12,0,,88.3,52,293,6.2,72,19,4
GOSNEL,2021-08-05,ACTUAL,24,7.1,34,135,16,0,,90.6,56,301,10.4,76,28,4
GOSNEL,2021-08-06,ACTUAL,8.9,6.3,84,177,14,2.6,,61.5,46,305,0.9,67,3,3
GOSNEL,2021-08-07,ACTUAL,7.7,7.5,99,175,8,6.2,,20.7,28,294,0,45,0,2
GOSNEL,2021-08-08,ACTUAL,13.7,7.1,64,328,6,0.8,,46.7,29,299,0.1,47,0,2
GOSNEL,2021-08-09,ACTUAL,14.2,8,66,149,13,0,,67.7,30,305,1.1,49,3,3
GOSNEL,2021-08-10,ACTUAL,10.2,6.4,77,172,14,0.6,,73.4,31,309,1.5,49,4,3
GOSNEL,2021-08-11,ACTUAL,18.5,0.9,31,296,5,0.2,,85.9,34,316,3.1,53,9,3
GOSNEL,2021-08-12,ACTUAL,18.6,3.9,38,64,4,0,,88.4,36,322,4.2,57,12,3
GOSNEL,2021-08-13,ACTUAL,24.1,5.8,31,141,12,0,,91.2,40,329,9.5,61,24,4
GOSNEL,2021-08-14,ACTUAL,23.6,4.4,29,197,8,0,,91.8,43,337,8.4,66,23,4
GOSNEL,2021-08-15,ACTUAL,12.2,9.6,84,199,8,0.8,,81.9,44,342,2.1,66,8,3
GOSNEL,2021-08-16,ACTUAL,12.6,6.5,66,5,4,15.2,,38.8,20,298,0,35,0,2
GOSNEL,2021-08-17,ACTUAL,12,2.5,52,24,11,0.4,,65.1,22,303,0.9,37,2,2
GOSNEL,2021-08-18,ACTUAL,12.9,2.4,49,172,18,0,,79.7,23,308,2.7,39,7,2
GOSNEL,2021-08-19,ACTUAL,9.9,8.8,93,152,12,0.6,,77.3,23,313,1.6,39,4,2
GOSNEL,2021-08-20,ACTUAL,16.3,5.3,48,95,7,8.4,,56.4,14,295,0.4,25,0,2
GOSNEL,2021-08-21,ACTUAL,16,3.4,43,151,11,0,,77.9,16,301,1.6,28,3,2
GOSNEL,2021-08-22,ACTUAL,0.3,0.3,100,169,9,31.4,,9.7,6,212,0,12,0,1
GOSNEL,2021-08-23,ACTUAL,4.7,4.4,98,332,4,12.6,,2.9,3,186,0,5,0,1
GOSNEL,2021-08-24,ACTUAL,9,4.5,73,150,8,0.2,,25.8,3,191,0,6,0,1
GOSNEL,2021-08-25,ACTUAL,15.3,3.1,44,135,15,0,,64.8,5,197,1.1,10,1,1
GOSNEL,2021-08-26,ACTUAL,10,3.1,62,155,11,0,,75.3,6,201,1.4,11,1,1
GOSNEL,2021-08-27,ACTUAL,9.3,6,80,105,4,0.8,,73.2,6,206,0.9,12,1,1
GOSNEL,2021-08-28,ACTUAL,9.3,4.9,74,169,16,0,,77.6,7,211,2,13,2,2
GOSNEL,2021-08-29,ACTUAL,14.1,6.8,61,139,14,0,,82.2,8,216,3,15,4,2
GOSNEL,2021-08-30,ACTUAL,13.7,2.2,46,157,11,0,,85.6,10,222,3.9,18,6,2
GOSNEL,2021-08-31,ACTUAL,3,2.9,99,171,4,15.6,,15.8,4,187,0,8,0,1
GOSNEL,2021-09-01,ACTUAL,5.3,3.6,89,129,3,21.8,,8.8,2,140,0,3,0,1
GOSNEL,2021-09-02,ACTUAL,10.3,1.7,55,331,3,0.4,,36,2,144,0,5,0,1
GOSNEL,2021-09-03,ACTUAL,13.2,2.7,49,151,20,0,,68.3,4,148,1.6,7,1,1
GOSNEL,2021-09-04,ACTUAL,15,4.1,48,156,19,0,,81.8,5,152,3.6,10,4,2
GOSNEL,2021-09-05,ACTUAL,11.7,7.6,76,172,18,4.8,,54.3,3,148,0.6,6,0,1
GOSNEL,2021-09-06,ACTUAL,12.5,3.5,54,155,11,0.6,,72.2,4,152,1.1,8,1,1
GOSNEL,2021-09-07,ACTUAL,17.5,6,47,137,14,0,,83.5,6,157,3.4,11,4,2
GOSNEL,2021-09-08,ACTUAL,10,8.3,89,161,10,2.2,,59.4,5,161,0.6,9,0,1
GOSNEL,2021-09-09,ACTUAL,11.9,7.7,75,162,12,0.6,,69.8,5,164,1.2,10,1,1
GOSNEL,2021-09-10,ACTUAL,15,8.8,66,95,5,14,,40.9,3,139,0.1,6,0,1
GOSNEL,2021-09-11,ACTUAL,8.7,8.7,100,178,17,0.8,,38.1,3,143,0.1,6,0,1
GOSNEL,2021-09-12,ACTUAL,7.5,5,84,315,3,6,,24.3,1,135,0,2,0,1
GOSNEL,2021-09-13,ACTUAL,6.8,2.3,73,154,8,0,,43.5,2,138,0.1,3,0,1
GOSNEL,2021-09-14,ACTUAL,4.2,3.7,97,174,24,0.6,,45.8,2,141,0.3,3,0,1
GOSNEL,2021-09-15,ACTUAL,1.3,-3.3,71,220,7,17.8,,23.4,0,107,0,1,0,1
GOSNEL,2021-09-16,ACTUAL,2.9,-1.1,75,163,9,0,,39.9,0,109,0.1,1,0,1
GOSNEL,2021-09-17,ACTUAL,0,-0.1,99,176,18,1,,36.4,0,110,0,1,0,1
GOSNEL,2021-09-18,ACTUAL,2.9,2.9,100,168,27,40.8,,1.7,0,36,0,0,0,1
GOSNEL,2021-09-19,ACTUAL,3,2.4,96,163,13,9.8,,4.8,0,24,0,0,0,1
GOSNEL,2021-09-20,ACTUAL,2.3,1.4,94,183,17,5.4,,8.6,0,19,0,0,0,1
GOSNEL,2021-09-21,ACTUAL,7.4,3.7,77,137,10,0,,29.5,0,22,0,1,0,1
GOSNEL,2021-09-22,ACTUAL,5.9,5.9,100,178,16,8.8,,6.2,0,13,0,0,0,1
GOSNEL,2021-09-23,ACTUAL,7.2,-1.5,54,146,10,0.2,,35.9,1,16,0,1,0,1
GOSNEL,2021-09-24,MANUAL,13.4,4,53,155,20,0,,67.5,2,20,1.6,3,1,1
GOSNEL,2021-09-25,ACTUAL,10.6,5.8,72,140,4,0.2,,73.9,2,23,0.9,4,0,1
GOSNEL,2021-09-26,ACTUAL,4.4,4.4,100,172,22,9.6,,17.2,1,12,0,1,0,1
GOSNEL,2021-09-27,ACTUAL,5.5,1.5,75,166,26,18.2,,28.4,0,3,0,0,0,1
GOSNEL,2021-09-28,ACTUAL,2.7,1.7,93,147,17,2.6,,25.3,0,5,0,0,0,1
GOSNEL,2021-09-29,ACTUAL,-0.5,-0.6,99,156,25,3.8,,13.1,0,3,0,0,0,1
GOSNEL,2021-09-30,ACTUAL,3.2,3.2,100,180,24,21.4,,0.4,0,2,0,0,0,1
GOSNEL,2021-10-01,ACTUAL,3.6,3.6,100,149,13,13.8,,0,0,1,0,0,0,1
GOSNEL,2021-10-02,ACTUAL,0,0,100,167,27,1.4,,0,0,2,0,0,0,1
GOSNEL,2021-10-03,ACTUAL,4,3.4,96,191,9,8,,4.4,0,1,0,0,0,1
GOSNEL,2021-10-04,ACTUAL,6.4,-0.8,60,156,9,2.4,,28.9,0,3,0,1,0,1
GOSNEL,2021-10-05,ACTUAL,2.5,2.5,100,170,21,6,,9,0,1,0,0,0,1
GOSNEL,2021-10-06,ACTUAL,-0.3,-1.2,94,179,0,7.4,,4.2,0,1,0,0,0,1
GOSNEL,2021-10-07,ACTUAL,2.2,-0.6,82,163,0,0.8,,9.4,0,2,0,0,0,1
GOSNEL,2021-10-08,ACTUAL,2.3,-2.4,71,142,13,7.8,,23.8,0,1,0,0,0,1
GOSNEL,2021-10-09,ACTUAL,-0.3,-2.7,84,150,16,5,,22.9,0,1,0,0,0,1
GOSNEL,2021-10-10,ACTUAL,-2.4,-2.7,98,227,0,0.2,,23.4,0,1,0,0,0,1
GOSNEL,2021-10-11,ACTUAL,-1.1,-1.4,98,149,0,1.8,,17.9,0,1,0,0,0,1
GOSNEL,2021-10-12,ACTUAL,-3,-3.6,96,180,0,1.2,,16.5,0,2,0,0,0,1
GOSNEL,2021-10-13,ACTUAL,-0.6,-1,97,158,6,0.2,,18.9,0,2,0,0,0,1
GOSNEL,2021-10-14,ACTUAL,-3,-3.4,97,176,20,1.8,,17.6,0,2,0,0,0,1
GOSNEL,2021-10-15,ACTUAL,0.2,0.2,100,170,21,0.2,,17.6,0,3,0,0,0,1
GOSNEL,2021-10-16,ACTUAL,0.4,0.4,100,173,30,0.8,,16.5,0,4,0,0,0,1
GOSNEL,2021-10-17,ACTUAL,0.9,0.9,100,155,26,31.8,,0.1,0,1,0,0,0,1
GOSNEL,2021-10-18,ACTUAL,3.1,2.8,98,218,6,3.6,,1.9,0,1,0,0,0,1
GOSNEL,2021-10-19,ACTUAL,11.9,-1.7,39,166,8,0,,41.1,1,4,0.1,1,0,1
GOSNEL,2021-10-20,ACTUAL,8.6,-2.4,46,171,11,0,,65.3,2,6,0.9,2,0,1
GOSNEL,2021-10-21,ACTUAL,5.4,-1.3,62,169,7,2.2,,58.8,1,8,0.5,2,0,1
GOSNEL,2021-10-22,ACTUAL,2.6,2.6,100,173,17,4,,25.8,0,5,0,0,0,1
GOSNEL,2021-10-23,ACTUAL,1.7,1.7,100,131,12,2.8,,14.9,0,6,0,0,0,1
GOSNEL,2021-10-24,ACTUAL,4.3,-1.7,65,132,3,2.2,,28.8,0,8,0,1,0,1
GOSNEL,2021-10-25,ACTUAL,-0.1,-0.2,99,159,15,0,,29.9,0,8,0,1,0,1
GOSNEL,2021-10-26,ACTUAL,-0.9,-0.9,100,170,11,0,,29.9,0,9,0,1,0,1
GOSNEL,2021-10-27,ACTUAL,-2.1,-2.1,100,176,2,0,,30,0,9,0,1,0,1
GOSNEL,2021-10-28,ACTUAL,-1.7,-1.8,99,170,0,0,,30.3,0,10,0,1,0,1
GOSNEL,2021-10-29,ACTUAL,0.2,-0.5,95,355,0,0.2,,31.7,0,10,0,1,0,1
GOSNEL,2021-10-30,ACTUAL,-1.7,-3.9,85,258,0,1.4,,29.6,0,11,0,1,0,1
GOSNEL,2021-10-31,ACTUAL,-2.3,-8.8,61,344,0,1.6,,32.7,0,11,0,0,0,1
MCBRIDE,2021-05-01,ACTUAL,11.1,0.2,47,313,9,2.6,100,58.2,7,8,0.6,7,0,1
MCBRIDE,2021-05-02,ACTUAL,14.8,-0.3,36,199,0,0.4,100,73.4,10,13,0.7,10,0,1
MCBRIDE,2021-05-03,MANUAL,14,-1.7,34,84,12,2,100,76,11,18,1.5,11,1,1
MCBRIDE,2021-05-04,ACTUAL,9.9,2.8,61,283,19,2.6,100,66.3,9,22,1.4,9,1,1
MCBRIDE,2021-05-05,MANUAL,15.7,-3.4,27,98,18,0,100,85.3,12,27,5.4,12,7,2
MCBRIDE,2021-05-06,ACTUAL,18.5,-3.1,23,114,36,0.2,100,91.5,16,33,33.1,16,30,3
MCBRIDE,2021-05-07,MANUAL,7.2,2.1,70,280,13,4,100,57.2,12,32,0.6,12,0,1
MCBRIDE,2021-05-08,MANUAL,11.9,-2.8,36,275,2,9,100,45.1,8,24,0.1,9,0,1
MCBRIDE,2021-05-09,MANUAL,15.3,-3.2,28,200,2,0,100,71.5,11,29,0.7,11,0,1
MCBRIDE,2021-05-10,ACTUAL,12.7,1,45,299,16,1,100,79.1,13,34,2.3,13,3,2
MCBRIDE,2021-05-11,ACTUAL,18.7,-5.4,19,183,7,0.2,100,90.2,17,39,6.4,17,9,2
MCBRIDE,2021-05-12,MANUAL,17.5,0.5,32,106,13,3,100,78.1,16,42,1.8,17,2,2
MCBRIDE,2021-05-13,ACTUAL,18.7,2.8,35,219,9,0.4,100,87,20,48,4.3,20,7,2
MCBRIDE,2021-05-14,ACTUAL,19.3,2.5,33,304,6,0.4,100,89.6,23,54,5.4,23,9,3
MCBRIDE,2021-05-15,ACTUAL,22.6,0.4,23,142,8,0,100,92.5,28,60,9.2,28,16,3
MCBRIDE,2021-05-16,MANUAL,19.8,5.7,40,66,9,0.2,100,91.2,31,66,8.1,31,15,3
MCBRIDE,2021-05-17,MANUAL,9.2,7.6,90,269,11,8,100,35.3,17,58,0,19,0,1
MCBRIDE,2021-05-18,ACTUAL,10.9,3.5,60,84,22,0,100,63.7,18,62,1.5,21,2,2
MCBRIDE,2021-05-19,MANUAL,10.8,3.4,60,313,12,10,100,45.9,10,51,0.2,14,0,1
MCBRIDE,2021-05-20,ACTUAL,14.4,-4.5,27,217,7,0.2,100,75,13,56,1.1,17,1,1
MCBRIDE,2021-05-21,ACTUAL,17.8,-10.1,14,160,10,0,100,90.3,17,62,7.5,20,11,3
MCBRIDE,2021-05-22,ACTUAL,21.9,-6.9,14,138,4,0,100,94.2,23,68,9.5,25,15,3
MCBRIDE,2021-05-23,MANUAL,24.2,1.7,23,117,2,0,100,94.3,28,75,8.9,29,15,3
MCBRIDE,2021-05-24,MANUAL,13.5,6.4,62,311,10,0,100,88.2,29,80,5.6,30,11,3
MCBRIDE,2021-05-25,ACTUAL,16.4,8.4,59,127,8,0,100,87.2,31,85,4.4,32,9,3
MCBRIDE,2021-05-26,ACTUAL,18.1,5.3,43,102,23,0,100,88.1,34,91,10.6,35,19,3
MCBRIDE,2021-05-27,ACTUAL,13.7,6.1,60,105,32,0,100,86.6,35,95,13.1,37,23,3
MCBRIDE,2021-05-28,MANUAL,12.5,5.5,62,324,6,8,100,49.2,20,87,0.2,26,0,2
MCBRIDE,2021-05-29,ACTUAL,19.4,-2.3,23,292,12,0.2,100,82.3,24,93,2.7,29,6,2
MCBRIDE,2021-05-30,ACTUAL,21.8,3.3,30,99,16,0,100,90,29,99,9.4,33,17,3
MCBRIDE,2021-05-31,ACTUAL,24.1,7.6,35,119,9,1,100,88.5,33,106,5.4,37,12,3
MCBRIDE,2021-06-01,MANUAL,24.8,7.8,34,98,18,0,100,90.8,37,114,12.2,41,23,3
MCBRIDE,2021-06-02,ACTUAL,26.9,11.3,38,61,4,0.2,100,90.9,42,122,5.8,45,14,3
MCBRIDE,2021-06-03,ACTUAL,23.9,10.2,42,92,8,0,100,90.9,46,130,7.3,49,18,4
MCBRIDE,2021-06-04,ACTUAL,17.3,3.8,41,3,4,0,100,90.4,49,136,5.7,51,15,3
MCBRIDE,2021-06-05,MANUAL,9.3,6.7,84,283,19,10,100,40.2,25,122,0.1,33,0,2
MCBRIDE,2021-06-06,MANUAL,14.6,3.7,48,303,12,8,100,50.9,16,114,0.3,23,0,2
MCBRIDE,2021-06-07,ACTUAL,15.6,7.4,58,68,7,0,100,71,17,120,0.9,26,1,2
MCBRIDE,2021-06-08,MANUAL,16.2,6.6,53,191,6,8,100,53.4,11,113,0.3,18,0,1
MCBRIDE,2021-06-09,MANUAL,12.9,7.8,71,303,13,3,100,54.5,9,115,0.5,15,0,1
MCBRIDE,2021-06-10,MANUAL,14.6,4.6,51,304,20,3.6,100,64,8,117,1.4,13,1,1
MCBRIDE,2021-06-11,ACTUAL,15,1.4,40,88,12,0.4,100,81,10,123,2.3,17,3,2
MCBRIDE,2021-06-12,ACTUAL,18.7,6.5,45,84,15,0,100,86.5,13,130,5.6,21,9,3
MCBRIDE,2021-06-13,MANUAL,15.8,9.1,64,97,25,0.2,,86,15,136,8.4,23,13,3
MCBRIDE,2021-06-14,MANUAL,22.9,10.7,46,97,26,0,,88.2,18,143,12.5,28,19,3
MCBRIDE,2021-06-15,MANUAL,16.7,11.7,72,99,8,0.4,,85.4,19,150,3.3,29,7,2
MCBRIDE,2021-06-16,ACTUAL,17.7,4.2,41,343,9,0.6,,87.2,22,156,4.4,33,9,3
MCBRIDE,2021-06-17,MANUAL,21.8,6.4,37,328,8,0,,89.5,26,164,5.9,37,13,3
MCBRIDE,2021-06-18,ACTUAL,17.9,6.7,48,283,11,0,,89.1,29,170,6.4,40,14,3
MCBRIDE,2021-06-19,ACTUAL,11.9,10.6,92,287,9,7.6,,34.2,16,161,0,25,0,2
MCBRIDE,2021-06-20,ACTUAL,19.7,12.3,62,124,7,3.4,,53.4,13,163,0.3,22,0,2
MCBRIDE,2021-06-21,ACTUAL,26.3,10.4,37,102,10,0,,84.3,18,172,3.2,28,7,2
MCBRIDE,2021-06-22,ACTUAL,27.6,12.4,39,301,7,0,,89.7,22,180,5.7,34,12,3
MCBRIDE,2021-06-23,ACTUAL,24.3,9,38,146,5,0,,90.2,27,188,5.6,39,13,3
MCBRIDE,2021-06-24,ACTUAL,20.8,10.9,53,294,12,0.6,,87.6,29,195,5.6,43,13,3
MCBRIDE,2021-06-25,ACTUAL,25.8,13,45,276,19,0,,89,33,203,9.9,47,21,4
MCBRIDE,2021-06-26,ACTUAL,31.4,13.6,34,12,3,0,,91.8,39,212,6.6,53,17,4
MCBRIDE,2021-06-27,ACTUAL,32.9,13.5,31,109,12,0,,93,45,221,11.8,60,27,4
MCBRIDE,2021-06-28,ACTUAL,33.5,14.5,32,117,17,0,,93.1,51,231,15.7,66,35,4
MCBRIDE,2021-06-29,ACTUAL,34,16.3,35,97,15,0,,93.1,57,240,14,72,33,5
MCBRIDE,2021-06-30,ACTUAL,31.7,12.9,32,97,21,0,,93.2,63,249,19.1,77,43,5
MCBRIDE,2021-07-01,ACTUAL,27.4,15.1,47,308,12,0,,91.1,67,258,9.2,81,27,4
MCBRIDE,2021-07-02,ACTUAL,24.8,7.3,33,304,19,0.2,,91.3,71,266,13.5,85,36,5
MCBRIDE,2021-07-03,ACTUAL,23.3,7.7,37,273,11,0,,91.4,74,274,9.3,89,28,4
MCBRIDE,2021-07-04,ACTUAL,21.1,10.9,52,273,10,0,,89.3,77,282,6.5,91,22,4
MCBRIDE,2021-07-05,ACTUAL,26.7,10.7,37,95,5,0.4,,90.6,81,290,5.9,95,21,4
MCBRIDE,2021-07-06,ACTUAL,25.5,12.3,44,113,6,8.4,,69.2,48,276,0.8,67,3,3
MCBRIDE,2021-07-07,ACTUAL,29.7,11.2,32,126,4,0,,88.7,53,285,4.4,72,15,4
MCBRIDE,2021-07-08,ACTUAL,25.8,11.1,40,305,9,0,,89.9,57,293,6.8,76,21,4
MCBRIDE,2021-07-09,ACTUAL,27.8,11.3,36,76,3,0,,91,61,302,5.9,81,20,4
MCBRIDE,2021-07-10,ACTUAL,18,15.6,86,311,12,3.6,,57.2,46,302,0.6,66,2,3
MCBRIDE,2021-07-11,ACTUAL,22.4,11.8,51,296,16,4.2,,70,35,300,1.4,54,4,3
MCBRIDE,2021-07-12,ACTUAL,25.8,8.2,33,305,14,0,,88.6,39,309,7,59,19,4
MCBRIDE,2021-07-13,ACTUAL,26.9,11.7,39,111,3,0,,90.2,43,317,5.1,64,15,3
MCBRIDE,2021-07-14,ACTUAL,26.5,12.1,41,318,7,0,,90.2,47,326,6.3,69,19,4
MCBRIDE,2021-07-15,ACTUAL,21.5,9,45,300,15,0,,90.1,50,333,9.3,72,26,4
MCBRIDE,2021-07-16,ACTUAL,19.4,15.9,80,294,6,8,,46.6,29,317,0.1,47,0,2
MCBRIDE,2021-07-17,ACTUAL,20.8,14.3,66,144,9,13.8,,46.8,14,282,0.2,25,0,2
MCBRIDE,2021-07-18,ACTUAL,26.1,14.3,48,95,5,0.6,,77.2,17,291,1.1,30,2,2
MCBRIDE,2021-07-19,ACTUAL,25,12.9,47,291,5,0,,86.2,21,299,3.2,35,8,2
MCBRIDE,2021-07-20,ACTUAL,25.1,13,47,289,10,0,,88.3,24,307,5.7,40,13,3
MCBRIDE,2021-07-21,ACTUAL,18.6,12,65,320,5,0,,86.7,26,314,3.4,43,9,3
MCBRIDE,2021-07-22,ACTUAL,16.7,5.6,48,102,8,1.8,,78,26,321,1.4,43,4,2
MCBRIDE,2021-07-23,ACTUAL,16.6,9.1,61,293,9,0,,82.6,27,328,2.4,45,7,3
MCBRIDE,2021-07-24,ACTUAL,16.9,11.9,72,302,11,0.2,,82.9,29,334,2.7,47,8,3
MCBRIDE,2021-07-25,ACTUAL,16.6,11.6,72,288,14,1.8,,72.9,28,341,1.4,46,4,3
MCBRIDE,2021-07-26,ACTUAL,20.1,13.9,67,151,4,0.2,,79.8,29,348,1.4,48,4,3
MCBRIDE,2021-07-27,ACTUAL,21.9,11.7,52,279,14,3.6,,73.5,24,348,1.5,41,4,2
MCBRIDE,2021-07-28,ACTUAL,26.4,12.4,42,64,5,0,,86.6,28,356,3.4,46,9,3
MCBRIDE,2021-07-29,ACTUAL,24.9,12.1,45,288,12,0,,88.7,31,365,6.6,51,17,3
MCBRIDE,2021-07-30,ACTUAL,27.5,12.7,40,97,10,0,,90.2,35,373,7.1,57,19,4
MCBRIDE,2021-07-31,ACTUAL,27.5,13.4,42,125,18,0,,90.3,39,382,10.8,62,26,4
MCBRIDE,2021-08-01,ACTUAL,20.2,14,67,91,6,0,,87,40,389,3.8,64,12,3
MCBRIDE,2021-08-02,ACTUAL,22.5,17.3,72,106,8,0.8,,82.5,42,396,2.2,66,8,3
MCBRIDE,2021-08-03,ACTUAL,27.8,17.4,53,319,4,0.4,,86.9,44,404,3.4,70,12,3
MCBRIDE,2021-08-04,ACTUAL,27.1,12.3,40,87,11,0,,89.9,48,412,7.5,74,22,4
MCBRIDE,2021-08-05,ACTUAL,27.2,12.8,41,98,11,0,,90.2,51,419,7.6,79,23,4
MCBRIDE,2021-08-06,ACTUAL,18.1,10.3,60,104,12,1.2,,81.8,53,426,2.5,81,10,4
MCBRIDE,2021-08-07,ACTUAL,18.3,13.2,72,63,4,1,,77.5,54,432,1.1,82,5,3
MCBRIDE,2021-08-08,ACTUAL,22.5,9.6,44,316,10,0.2,,86.5,57,439,4.2,86,16,4
MCBRIDE,2021-08-09,ACTUAL,19.8,12.7,63,302,8,0,,86.5,58,446,3.8,88,15,4
MCBRIDE,2021-08-10,ACTUAL,17,9.3,60,293,11,0.6,,84.9,60,452,3.6,90,14,4
MCBRIDE,2021-08-11,ACTUAL,22.3,8.7,42,309,15,0,,88.5,63,459,7.4,93,25,4
MCBRIDE,2021-08-12,ACTUAL,25.1,9.7,38,287,17,0,,90.2,66,466,10.4,98,32,5
MCBRIDE,2021-08-13,ACTUAL,29.1,11.1,33,130,12,0,,91.9,70,474,10.1,103,32,5
MCBRIDE,2021-08-14,ACTUAL,22.3,12.6,54,290,12,0,,89.2,72,481,7,105,25,4
MCBRIDE,2021-08-15,ACTUAL,16.3,15.3,94,126,11,7.2,,34.8,42,458,0,68,0,2
MCBRIDE,2021-08-16,ACTUAL,15.5,7.6,59,309,13,15.2,,44.5,20,399,0.1,35,0,2
MCBRIDE,2021-08-17,ACTUAL,22.2,8.3,41,272,10,0,,77.9,23,406,1.5,40,4,2
MCBRIDE,2021-08-18,ACTUAL,19.7,11.5,59,328,3,0,,82.8,24,412,1.8,42,5,2
MCBRIDE,2021-08-19,ACTUAL,19,12.1,64,271,15,1.6,,77.4,25,419,1.9,43,5,3
MCBRIDE,2021-08-20,ACTUAL,23.5,7.9,37,308,3,0,,87.2,28,426,3.4,48,9,3
MCBRIDE,2021-08-21,ACTUAL,19,11.4,61,174,8,0,,87,30,433,4.2,50,12,3
MCBRIDE,2021-08-22,ACTUAL,11.3,9.9,91,227,4,9,,29.7,15,403,0,28,0,2
MCBRIDE,2021-08-23,ACTUAL,12.5,7.6,72,282,14,20.6,,33,7,331,0,14,0,1
MCBRIDE,2021-08-24,ACTUAL,19.3,5.3,40,89,12,0,,72.1,10,337,1.2,18,1,2
MCBRIDE,2021-08-25,ACTUAL,21.3,7.1,40,100,16,0,,86.2,12,344,5.5,23,9,3
MCBRIDE,2021-08-26,ACTUAL,14,9.5,74,279,3,0,,84.5,13,350,2.3,24,4,2
MCBRIDE,2021-08-27,ACTUAL,13.8,12.5,92,319,7,3,,51,10,350,0.3,18,0,1
MCBRIDE,2021-08-28,ACTUAL,15.8,10.4,70,96,7,0.2,,67.6,11,355,0.8,20,1,2
MCBRIDE,2021-08-29,ACTUAL,20.5,10.4,52,301,6,0,,81,13,362,1.7,24,3,2
MCBRIDE,2021-08-30,ACTUAL,14.9,7.3,60,278,16,0,,83.7,14,368,3.9,26,7,2
MCBRIDE,2021-08-31,ACTUAL,10.9,9.6,92,306,6,3.8,,44.3,10,364,0.1,18,0,1
MCBRIDE,2021-09-01,ACTUAL,13.9,6.6,61,320,16,4.4,,53.6,7,356,0.5,13,0,1
MCBRIDE,2021-09-02,ACTUAL,20.1,8.4,47,264,10,0,,78.1,9,362,1.5,17,2,2
MCBRIDE,2021-09-03,ACTUAL,20.3,6.9,42,86,15,0,,86.7,11,367,5.7,20,9,3
MCBRIDE,2021-09-04,ACTUAL,17.9,8.8,55,79,12,0,,86.8,13,372,4.8,23,8,3
MCBRIDE,2021-09-05,ACTUAL,18.1,10.5,61,357,3,0,,86.8,14,377,3.1,25,6,2
MCBRIDE,2021-09-06,ACTUAL,18.2,10.4,60,316,5,3,,67.7,11,376,0.7,21,1,2
MCBRIDE,2021-09-07,ACTUAL,23.3,10.3,44,100,17,0,,85.3,14,382,5.1,25,9,3
MCBRIDE,2021-09-08,ACTUAL,15.1,11.7,80,139,9,0.4,,83.2,14,386,2.6,26,5,2
MCBRIDE,2021-09-09,ACTUAL,13.5,10.5,82,305,6,6,,43.4,9,371,0.1,16,0,1
MCBRIDE,2021-09-10,ACTUAL,19.8,12.9,64,147,13,2.4,,62.4,8,377,0.9,15,1,1
MCBRIDE,2021-09-11,ACTUAL,17.8,12.8,72,276,11,1.2,,69.9,9,382,1.1,17,1,1
MCBRIDE,2021-09-12,ACTUAL,15,9,67,298,16,9,,51.4,5,356,0.4,10,0,1
MCBRIDE,2021-09-13,ACTUAL,15.1,7.5,60,241,4,0,,69,6,360,0.7,12,0,1
MCBRIDE,2021-09-14,ACTUAL,11,7.9,81,86,12,0.2,,74.1,7,364,1.3,13,1,1
MCBRIDE,2021-09-15,ACTUAL,8.6,3.5,70,118,3,9.4,,36.6,3,336,0,7,0,1
MCBRIDE,2021-09-16,ACTUAL,12.8,6,63,248,7,3.6,,45.9,3,332,0.1,5,0,1
MCBRIDE,2021-09-17,ACTUAL,8.3,5.1,80,89,17,0.6,,59.5,3,336,0.9,6,0,1
MCBRIDE,2021-09-18,ACTUAL,11.7,7.8,77,119,16,13.2,,38,1,298,0.1,3,0,1
MCBRIDE,2021-09-19,ACTUAL,11.7,5.8,67,91,13,5.4,,43.7,1,288,0.1,2,0,1
MCBRIDE,2021-09-20,ACTUAL,12.1,6.4,68,88,10,1.4,,57.8,2,292,0.6,3,0,1
MCBRIDE,2021-09-21,ACTUAL,15.3,4.9,50,91,22,0,,78.7,3,297,3.1,6,2,2
MCBRIDE,2021-09-22,ACTUAL,12.9,9.9,82,285,15,8,,43.1,1,279,0.1,3,0,1
MCBRIDE,2021-09-23,ACTUAL,11.5,4.8,63,289,6,0,,62.4,2,283,0.6,4,0,1
MCBRIDE,2021-09-24,ACTUAL,16.3,7.3,55,83,15,0,,78.8,4,288,2.2,7,1,2
MCBRIDE,2021-09-25,ACTUAL,13.4,7.7,68,118,8,0,,81.3,4,292,2,9,1,2
MCBRIDE,2021-09-26,ACTUAL,15.2,8.3,63,91,22,0.6,,82.9,6,296,4.7,11,5,2
MCBRIDE,2021-09-27,ACTUAL,15.7,5,49,82,18,5.4,,66.5,4,288,1.4,8,1,1
MCBRIDE,2021-09-28,ACTUAL,12.8,3.7,54,46,3,8.2,,44.8,3,270,0.1,5,0,1
MCBRIDE,2021-09-29,ACTUAL,8.9,4,71,126,28,0.2,,65.3,3,273,2.2,6,1,2
MCBRIDE,2021-09-30,ACTUAL,12.4,8.7,78,68,11,6.4,,43.1,2,262,0.1,3,0,1
MCBRIDE,2021-10-01,ACTUAL,11.9,6.7,70,85,11,3.4,,47.9,1,259,0.2,2,0,1
MCBRIDE,2021-10-02,ACTUAL,10.4,4.8,68,103,21,0,,67.5,2,261,1.6,3,1,1
MCBRIDE,2021-10-03,ACTUAL,11.6,0,45,288,12,10.6,,51.9,1,236,0.4,2,0,1
MCBRIDE,2021-10-04,ACTUAL,8.9,-0.7,51,285,9,0,,69.8,2,239,1,4,0,1
MCBRIDE,2021-10-05,ACTUAL,5.6,4.8,95,92,3,14.6,,16.5,0,203,0,1,0,1
MCBRIDE,2021-10-06,ACTUAL,10.6,0.3,49,141,7,5.6,,39.1,1,195,0,2,0,1
MCBRIDE,2021-10-07,ACTUAL,7.9,0.7,60,128,8,0.6,,58.7,1,197,0.6,3,0,1
MCBRIDE,2021-10-08,ACTUAL,10.9,0,47,92,17,0,,76.6,2,200,2,5,1,1
MCBRIDE,2021-10-09,ACTUAL,9.6,1.3,56,99,24,0,,82,3,202,4.8,6,4,2
MCBRIDE,2021-10-10,ACTUAL,6.1,1.8,74,274,14,19.2,,35.5,1,159,0,2,0,1
MCBRIDE,2021-10-11,ACTUAL,4.9,2.6,85,342,5,5.6,,23.6,0,151,0,0,0,1
MCBRIDE,2021-10-12,ACTUAL,5.4,-3.7,52,101,36,0,,57.2,1,152,2.1,1,1,1
MCBRIDE,2021-10-13,ACTUAL,9.1,0.3,54,159,8,0.2,,72,1,155,1,3,0,1
MCBRIDE,2021-10-14,ACTUAL,7.7,0.2,59,93,18,0,,79.1,2,157,2.6,4,1,1
MCBRIDE,2021-10-15,ACTUAL,8.4,3.7,72,72,10,1.4,,71,2,159,1.1,4,0,1
MCBRIDE,2021-10-16,ACTUAL,9.7,4.5,70,100,27,2.8,,62.8,1,158,1.8,3,1,1
MCBRIDE,2021-10-17,ACTUAL,1.4,1.1,98,299,3,22.8,,9.7,0,111,0,0,0,1
MCBRIDE,2021-10-18,ACTUAL,4.9,1.9,81,112,2,9.6,,13.5,0,95,0,0,0,1
MCBRIDE,2021-10-19,ACTUAL,10.4,4.8,68,111,24,0,,46.9,1,98,0.4,1,0,1
MCBRIDE,2021-10-20,ACTUAL,10.1,3.4,63,80,18,0,,67.5,1,101,1.4,3,0,1
MCBRIDE,2021-10-21,ACTUAL,12.7,3.4,53,108,32,0,,80.8,2,104,6.2,4,5,2
MCBRIDE,2021-10-22,ACTUAL,11,5.6,69,87,18,0.2,,82,3,106,3.5,5,3,2
MCBRIDE,2021-10-23,ACTUAL,12.3,4.8,60,75,14,0,,83.6,4,109,3.4,7,3,2
MCBRIDE,2021-10-24,ACTUAL,11.7,1.6,50,112,32,0,,85.4,5,112,11.2,8,10,2
MCBRIDE,2021-10-25,ACTUAL,10,2.2,58,105,35,0,,85.5,5,114,13,10,12,2
MCBRIDE,2021-10-26,ACTUAL,10.4,2.3,57,102,24,0.4,,85.5,6,117,7.7,11,8,2
MCBRIDE,2021-10-27,ACTUAL,6.6,2.9,77,86,10,2.2,,64,5,119,0.8,9,0,1
MCBRIDE,2021-10-28,ACTUAL,4.5,1.9,83,146,8,1.2,,60.7,5,120,0.6,9,0,1
MCBRIDE,2021-10-29,ACTUAL,3,-3.1,64,264,17,1.2,,65.4,5,122,1.3,9,1,1
MCBRIDE,2021-10-30,ACTUAL,3.1,-6.9,48,97,10,0,,75.3,5,123,1.3,10,1,1
MCBRIDE,2021-10-31,ACTUAL,2.9,-7.4,47,114,24,0,,81.2,6,124,4.3,10,5,2
ROCKINGHAM,2021-05-01,[object Object],,,,,,,,,,,,,,
ROCKINGHAM,2021-05-02,[object Object],,,,,,,,,,,,,,
ROCKINGHAM,2021-05-03,[object Object],,,,,,,,,,,,,,
ROCKINGHAM,2021-05-04,[object Object],,,,,,,,,,,,,,
ROCKINGHAM,2021-05-05,[object Object],,,,,,,,,,,,,,
ROCKINGHAM,2021-05-06,[object Object],,,,,,,,,,,,,,
ROCKINGHAM,2021-05-07,[object Object],,,,,,,,,,,,,,
ROCKINGHAM,2021-05-08,[object Object],,,,,,,,,,,,,,
ROCKINGHAM,2021-05-09,[object Object],,,,,,,,,,,,,,
ROCKINGHAM,2021-05-10,[object Object],,,,,,,,,,,,,,
ROCKINGHAM,2021-05-11,[object Object],,,,,,,,,,,,,,
ROCKINGHAM,2021-05-12,[object Object],,,,,,,,,,,,,,
ROCKINGHAM,2021-05-13,[object Object],,,,,,,,,,,,,,
ROCKINGHAM,2021-05-14,[object Object],,,,,,,,,,,,,,
ROCKINGHAM,2021-05-15,[object Object],,,,,,,,,,,,,,
ROCKINGHAM,2021-05-16,[object Object],,,,,,,,,,,,,,
ROCKINGHAM,2021-05-17,[object Object],,,,,,,,,,,,,,
ROCKINGHAM,2021-05-18,[object Object],,,,,,,,,,,,,,
ROCKINGHAM,2021-05-19,[object Object],,,,,,,,,,,,,,
ROCKINGHAM,2021-05-20,[object Object],,,,,,,,,,,,,,
ROCKINGHAM,2021-05-21,[object Object],,,,,,,,,,,,,,
ROCKINGHAM,2021-05-22,[object Object],,,,,,,,,,,,,,
ROCKINGHAM,2021-05-23,[object Object],,,,,,,,,,,,,,
ROCKINGHAM,2021-05-24,[object Object],,,,,,,,,,,,,,
ROCKINGHAM,2021-05-25,[object Object],,,,,,,,,,,,,,
ROCKINGHAM,2021-05-26,[object Object],,,,,,,,,,,,,,
ROCKINGHAM,2021-05-27,[object Object],,,,,,,,,,,,,,
ROCKINGHAM,2021-05-28,[object Object],,,,,,,,,,,,,,
ROCKINGHAM,2021-05-29,[object Object],,,,,,,,,,,,,,
ROCKINGHAM,2021-05-30,[object Object],,,,,,,,,,,,,,
ROCKINGHAM,2021-05-31,[object Object],,,,,,,,,,,,,,
ROCKINGHAM,2021-06-01,[object Object],,,,,,,,,,,,,,
ROCKINGHAM,2021-06-02,[object Object],,,,,,,,,,,,,,
ROCKINGHAM,2021-06-03,[object Object],,,,,,,,,,,,,,
ROCKINGHAM,2021-06-04,[object Object],,,,,,,,,,,,,,
ROCKINGHAM,2021-06-05,[object Object],,,,,,,,,,,,,,
ROCKINGHAM,2021-06-06,[object Object],,,,,,,,,,,,,,
ROCKINGHAM,2021-06-07,[object Object],,,,,,,,,,,,,,
ROCKINGHAM,2021-06-08,[object Object],,,,,,,,,,,,,,
ROCKINGHAM,2021-06-09,[object Object],,,,,,,,,,,,,,
ROCKINGHAM,2021-06-10,[object Object],,,,,,,,,,,,,,
ROCKINGHAM,2021-06-11,[object Object],,,,,,,,,,,,,,
ROCKINGHAM,2021-06-12,[object Object],,,,,,,,,,,,,,
ROCKINGHAM,2021-06-13,[object Object],,,,,,,,,,,,,,
ROCKINGHAM,2021-06-14,[object Object],,,,,,,,,,,,,,
ROCKINGHAM,2021-06-15,[object Object],,,,,,,,,,,,,,
ROCKINGHAM,2021-06-16,[object Object],,,,,,,,,,,,,,
ROCKINGHAM,2021-06-17,[object Object],,,,,,,,,,,,,,
ROCKINGHAM,2021-06-18,[object Object],,,,,,,,,,,,,,
ROCKINGHAM,2021-06-19,[object Object],,,,,,,,,,,,,,
ROCKINGHAM,2021-06-20,[object Object],,,,,,,,,,,,,,
ROCKINGHAM,2021-06-21,[object Object],,,,,,,,,,,,,,
ROCKINGHAM,2021-06-22,[object Object],,,,,,,,,,,,,,
ROCKINGHAM,2021-06-23,[object Object],,,,,,,,,,,,,,
ROCKINGHAM,2021-06-24,[object Object],,,,,,,,,,,,,,
ROCKINGHAM,2021-06-25,[object Object],,,,,,,,,,,,,,
ROCKINGHAM,2021-06-26,[object Object],,,,,,,,,,,,,,
ROCKINGHAM,2021-06-27,[object Object],,,,,,,,,,,,,,
ROCKINGHAM,2021-06-28,[object Object],,,,,,,,,,,,,,
ROCKINGHAM,2021-06-29,[object Object],,,,,,,,,,,,,,
ROCKINGHAM,2021-06-30,[object Object],,,,,,,,,,,,,,
ROCKINGHAM,2021-07-01,[object Object],,,,,,,,,,,,,,
ROCKINGHAM,2021-07-02,[object Object],,,,,,,,,,,,,,
ROCKINGHAM,2021-07-03,[object Object],,,,,,,,,,,,,,
ROCKINGHAM,2021-07-04,[object Object],,,,,,,,,,,,,,
ROCKINGHAM,2021-07-05,[object Object],,,,,,,,,,,,,,
ROCKINGHAM,2021-07-06,[object Object],,,,,,,,,,,,,,
ROCKINGHAM,2021-07-07,[object Object],,,,,,,,,,,,,,
ROCKINGHAM,2021-07-08,[object Object],,,,,,,,,,,,,,
ROCKINGHAM,2021-07-09,[object Object],,,,,,,,,,,,,,
ROCKINGHAM,2021-07-10,[object Object],,,,,,,,,,,,,,
ROCKINGHAM,2021-07-11,[object Object],,,,,,,,,,,,,,
ROCKINGHAM,2021-07-12,[object Object],,,,,,,,,,,,,,
ROCKINGHAM,2021-07-13,[object Object],,,,,,,,,,,,,,
ROCKINGHAM,2021-07-14,[object Object],,,,,,,,,,,,,,
ROCKINGHAM,2021-07-15,[object Object],,,,,,,,,,,,,,
ROCKINGHAM,2021-07-16,[object Object],,,,,,,,,,,,,,
ROCKINGHAM,2021-07-17,[object Object],,,,,,,,,,,,,,
ROCKINGHAM,2021-07-18,[object Object],,,,,,,,,,,,,,
ROCKINGHAM,2021-07-19,[object Object],,,,,,,,,,,,,,
ROCKINGHAM,2021-07-20,[object Object],,,,,,,,,,,,,,
ROCKINGHAM,2021-07-21,[object Object],,,,,,,,,,,,,,
ROCKINGHAM,2021-07-22,[object Object],,,,,,,,,,,,,,
ROCKINGHAM,2021-07-23,[object Object],,,,,,,,,,,,,,
ROCKINGHAM,2021-07-24,[object Object],,,,,,,,,,,,,,
ROCKINGHAM,2021-07-25,[object Object],,,,,,,,,,,,,,
ROCKINGHAM,2021-07-26,[object Object],,,,,,,,,,,,,,
ROCKINGHAM,2021-07-27,[object Object],,,,,,,,,,,,,,
ROCKINGHAM,2021-07-28,[object Object],,,,,,,,,,,,,,
ROCKINGHAM,2021-07-29,[object Object],,,,,,,,,,,,,,
ROCKINGHAM,2021-07-30,[object Object],,,,,,,,,,,,,,
ROCKINGHAM,2021-07-31,[object Object],,,,,,,,,,,,,,
ROCKINGHAM,2021-08-01,[object Object],,,,,,,,,,,,,,
ROCKINGHAM,2021-08-02,[object Object],,,,,,,,,,,,,,
ROCKINGHAM,2021-08-03,[object Object],,,,,,,,,,,,,,
ROCKINGHAM,2021-08-04,[object Object],,,,,,,,,,,,,,
ROCKINGHAM,2021-08-05,[object Object],,,,,,,,,,,,,,
ROCKINGHAM,2021-08-06,[object Object],,,,,,,,,,,,,,
ROCKINGHAM,2021-08-07,[object Object],,,,,,,,,,,,,,
ROCKINGHAM,2021-08-08,[object Object],,,,,,,,,,,,,,
ROCKINGHAM,2021-08-09,[object Object],,,,,,,,,,,,,,
ROCKINGHAM,2021-08-10,[object Object],,,,,,,,,,,,,,
ROCKINGHAM,2021-08-11,[object Object],,,,,,,,,,,,,,
ROCKINGHAM,2021-08-12,[object Object],,,,,,,,,,,,,,
ROCKINGHAM,2021-08-13,[object Object],,,,,,,,,,,,,,
ROCKINGHAM,2021-08-14,[object Object],,,,,,,,,,,,,,
ROCKINGHAM,2021-08-15,[object Object],,,,,,,,,,,,,,
ROCKINGHAM,2021-08-16,[object Object],,,,,,,,,,,,,,
ROCKINGHAM,2021-08-17,[object Object],,,,,,,,,,,,,,
ROCKINGHAM,2021-08-18,[object Object],,,,,,,,,,,,,,
ROCKINGHAM,2021-08-19,[object Object],,,,,,,,,,,,,,
ROCKINGHAM,2021-08-20,[object Object],,,,,,,,,,,,,,
ROCKINGHAM,2021-08-21,[object Object],,,,,,,,,,,,,,
ROCKINGHAM,2021-08-22,[object Object],,,,,,,,,,,,,,
ROCKINGHAM,2021-08-23,[object Object],,,,,,,,,,,,,,
ROCKINGHAM,2021-08-24,[object Object],,,,,,,,,,,,,,
ROCKINGHAM,2021-08-25,[object Object],,,,,,,,,,,,,,
ROCKINGHAM,2021-08-26,[object Object],,,,,,,,,,,,,,
ROCKINGHAM,2021-08-27,[object Object],,,,,,,,,,,,,,
ROCKINGHAM,2021-08-28,[object Object],,,,,,,,,,,,,,
ROCKINGHAM,2021-08-29,[object Object],,,,,,,,,,,,,,
ROCKINGHAM,2021-08-30,[object Object],,,,,,,,,,,,,,
ROCKINGHAM,2021-08-31,[object Object],,,,,,,,,,,,,,
ROCKINGHAM,2021-09-01,[object Object],,,,,,,,,,,,,,
ROCKINGHAM,2021-09-02,[object Object],,,,,,,,,,,,,,
ROCKINGHAM,2021-09-03,[object Object],,,,,,,,,,,,,,
ROCKINGHAM,2021-09-04,[object Object],,,,,,,,,,,,,,
ROCKINGHAM,2021-09-05,[object Object],,,,,,,,,,,,,,
ROCKINGHAM,2021-09-06,[object Object],,,,,,,,,,,,,,
ROCKINGHAM,2021-09-07,[object Object],,,,,,,,,,,,,,
ROCKINGHAM,2021-09-08,[object Object],,,,,,,,,,,,,,
ROCKINGHAM,2021-09-09,[object Object],,,,,,,,,,,,,,
ROCKINGHAM,2021-09-10,[object Object],,,,,,,,,,,,,,
ROCKINGHAM,2021-09-11,[object Object],,,,,,,,,,,,,,
ROCKINGHAM,2021-09-12,[object Object],,,,,,,,,,,,,,
ROCKINGHAM,2021-09-13,[object Object],,,,,,,,,,,,,,
ROCKINGHAM,2021-09-14,[object Object],,,,,,,,,,,,,,
ROCKINGHAM,2021-09-15,[object Object],,,,,,,,,,,,,,
ROCKINGHAM,2021-09-16,[object Object],,,,,,,,,,,,,,
ROCKINGHAM,2021-09-17,[object Object],,,,,,,,,,,,,,
ROCKINGHAM,2021-09-18,[object Object],,,,,,,,,,,,,,
ROCKINGHAM,2021-09-19,[object Object],,,,,,,,,,,,,,
ROCKINGHAM,2021-09-20,[object Object],,,,,,,,,,,,,,
ROCKINGHAM,2021-09-21,[object Object],,,,,,,,,,,,,,
ROCKINGHAM,2021-09-22,[object Object],,,,,,,,,,,,,,
ROCKINGHAM,2021-09-23,[object Object],,,,,,,,,,,,,,
ROCKINGHAM,2021-09-24,[object Object],,,,,,,,,,,,,,
ROCKINGHAM,2021-09-25,[object Object],,,,,,,,,,,,,,
ROCKINGHAM,2021-09-26,[object Object],,,,,,,,,,,,,,
ROCKINGHAM,2021-09-27,[object Object],,,,,,,,,,,,,,
ROCKINGHAM,2021-09-28,[object Object],,,,,,,,,,,,,,
ROCKINGHAM,2021-09-29,[object Object],,,,,,,,,,,,,,
ROCKINGHAM,2021-09-30,[object Object],,,,,,,,,,,,,,
ROCKINGHAM,2021-10-01,[object Object],,,,,,,,,,,,,,
ROCKINGHAM,2021-10-02,[object Object],,,,,,,,,,,,,,
ROCKINGHAM,2021-10-03,[object Object],,,,,,,,,,,,,,
ROCKINGHAM,2021-10-04,[object Object],,,,,,,,,,,,,,
ROCKINGHAM,2021-10-05,[object Object],,,,,,,,,,,,,,
ROCKINGHAM,2021-10-06,[object Object],,,,,,,,,,,,,,
ROCKINGHAM,2021-10-07,[object Object],,,,,,,,,,,,,,
ROCKINGHAM,2021-10-08,[object Object],,,,,,,,,,,,,,
ROCKINGHAM,2021-10-09,[object Object],,,,,,,,,,,,,,
ROCKINGHAM,2021-10-10,[object Object],,,,,,,,,,,,,,
ROCKINGHAM,2021-10-11,[object Object],,,,,,,,,,,,,,
ROCKINGHAM,2021-10-12,[object Object],,,,,,,,,,,,,,
ROCKINGHAM,2021-10-13,[object Object],,,,,,,,,,,,,,
ROCKINGHAM,2021-10-14,[object Object],,,,,,,,,,,,,,
ROCKINGHAM,2021-10-15,[object Object],,,,,,,,,,,,,,
ROCKINGHAM,2021-10-16,[object Object],,,,,,,,,,,,,,
ROCKINGHAM,2021-10-17,[object Object],,,,,,,,,,,,,,
ROCKINGHAM,2021-10-18,[object Object],,,,,,,,,,,,,,
ROCKINGHAM,2021-10-19,[object Object],,,,,,,,,,,,,,
ROCKINGHAM,2021-10-20,[object Object],,,,,,,,,,,,,,
ROCKINGHAM,2021-10-21,[object Object],,,,,,,,,,,,,,
ROCKINGHAM,2021-10-22,[object Object],,,,,,,,,,,,,,
ROCKINGHAM,2021-10-23,[object Object],,,,,,,,,,,,,,
ROCKINGHAM,2021-10-24,[object Object],,,,,,,,,,,,,,
ROCKINGHAM,2021-10-25,[object Object],,,,,,,,,,,,,,
ROCKINGHAM,2021-10-26,[object Object],,,,,,,,,,,,,,
ROCKINGHAM,2021-10-27,[object Object],,,,,,,,,,,,,,
ROCKINGHAM,2021-10-28,[object Object],,,,,,,,,,,,,,
ROCKINGHAM,2021-10-29,[object Object],,,,,,,,,,,,,,
ROCKINGHAM,2021-10-30,[object Object],,,,,,,,,,,,,,
ROCKINGHAM,2021-10-31,[object Object],,,,,,,,,,,,,,
VALEMOUNT 2,2021-05-01,ACTUAL,6.4,2,73,72,5,12,,,,,,,,
VALEMOUNT 2,2021-05-02,ACTUAL,8,0,57,356,2,0,,,,,,,,
VALEMOUNT 2,2021-05-03,ACTUAL,8.6,-1,51,155,7,0.2,,,,,,,,
VALEMOUNT 2,2021-05-04,ACTUAL,5.5,2,78,89,5,4,,,,,,,,
VALEMOUNT 2,2021-05-05,ACTUAL,11.8,-5.4,30,106,9,0.2,,,,,,,,
VALEMOUNT 2,2021-05-06,ACTUAL,15.1,-3.4,28,73,8,0,,,,,,,,
VALEMOUNT 2,2021-05-07,ACTUAL,2.9,2.2,95,7,6,4.2,,,,,,,,
VALEMOUNT 2,2021-05-08,ACTUAL,4.6,1.1,78,276,4,7.6,,,,,,,,
VALEMOUNT 2,2021-05-09,ACTUAL,10.9,-7,28,237,6,0,,,,,,,,
VALEMOUNT 2,2021-05-10,ACTUAL,7.8,1.2,63,175,3,0,,,,,,,,
VALEMOUNT 2,2021-05-11,ACTUAL,13.4,-4,30,302,4,0,,,,,,,,
VALEMOUNT 2,2021-05-12,ACTUAL,13.8,0.7,41,119,5,0,,,,,,,,
VALEMOUNT 2,2021-05-13,ACTUAL,14,-0.2,38,9,7,0,,,,,,,,
VALEMOUNT 2,2021-05-14,ACTUAL,16.8,-0.6,31,28,5,0,,,,,,,,
VALEMOUNT 2,2021-05-15,ACTUAL,18.3,-2.2,25,181,13,0,,,,,,,,
VALEMOUNT 2,2021-05-16,ACTUAL,18.5,3.8,38,130,9,0,,,,,,,,
VALEMOUNT 2,2021-05-17,ACTUAL,6.7,5.9,95,173,4,6,,,,,,,,
VALEMOUNT 2,2021-05-18,ACTUAL,7.3,0.8,63,155,9,8,,,,,,,,
VALEMOUNT 2,2021-05-19,ACTUAL,5.7,3,83,100,5,5.4,,,,,,,,
VALEMOUNT 2,2021-05-20,ACTUAL,9,-0.1,53,320,4,3,,,,,,,,
VALEMOUNT 2,2021-05-21,ACTUAL,13.4,-13.6,14,153,8,0,,,,,,,,
VALEMOUNT 2,2021-05-22,ACTUAL,18.1,-9.9,14,81,9,0,,,,,,,,
VALEMOUNT 2,2021-05-23,ACTUAL,22.5,-6.4,14,24,5,0,,,,,,,,
VALEMOUNT 2,2021-05-24,ACTUAL,12.2,9.1,81,59,3,5.8,,,,,,,,
VALEMOUNT 2,2021-05-25,ACTUAL,13.4,4.3,54,186,3,1.2,,85,6,15,2.5,6,2,
VALEMOUNT 2,2021-05-26,ACTUAL,13.5,3.6,51,158,9,1,,81.7,8,20,2.1,8,2,2
VALEMOUNT 2,2021-05-27,ACTUAL,8.4,6.5,88,170,6,4.8,,40.9,5,18,0.1,6,0,1
VALEMOUNT 2,2021-05-28,ACTUAL,8.4,5,79,354,6,5.6,,31.2,3,15,0,4,0,1
VALEMOUNT 2,2021-05-29,ACTUAL,15.6,-2.5,29,214,10,0.4,,69.9,6,20,1.1,7,1,1
VALEMOUNT 2,2021-05-30,ACTUAL,20.3,-1,24,120,11,0,,88,10,26,5.7,10,6,2
VALEMOUNT 2,2021-05-31,ACTUAL,21.4,4.4,33,311,7,0,,90.2,14,33,6.1,14,8,2
VALEMOUNT 2,2021-06-01,ACTUAL,22.8,8.1,39,97,7,0,,90.2,18,40,6.4,18,9,2
VALEMOUNT 2,2021-06-02,ACTUAL,26.7,3.8,23,83,9,0,,93.3,23,48,10.6,23,16,3
VALEMOUNT 2,2021-06-03,ACTUAL,21,4.8,35,198,9,0,,92.3,27,56,9.4,27,16,3
VALEMOUNT 2,2021-06-04,ACTUAL,16.9,4.2,43,82,12,0,,90.4,30,62,8.3,30,15,3
VALEMOUNT 2,2021-06-05,ACTUAL,9.7,4.3,69,158,10,6.8,,49.6,18,57,0.3,20,0,2
VALEMOUNT 2,2021-06-06,ACTUAL,4.4,3.8,96,273,5,14.8,,11.6,8,37,0,10,0,1
VALEMOUNT 2,2021-06-07,ACTUAL,3.6,2.5,93,137,7,6.4,,10.2,4,33,0,6,0,1
VALEMOUNT 2,2021-06-08,ACTUAL,12.7,1.3,46,275,5,12.6,,36.8,3,19,0,5,0,1
VALEMOUNT 2,2021-06-09,MANUAL,9.2,5.6,78,180,9,2.4,,41.9,3,24,0.1,4,0,1
VALEMOUNT 2,2021-06-10,ACTUAL,10.8,1.9,54,160,9,2.6,,54.1,3,30,0.4,4,0,1
VALEMOUNT 2,2021-06-11,ACTUAL,13.3,-1.2,37,78,4,0,,74.6,5,35,0.9,7,0,1
VALEMOUNT 2,2021-06-12,ACTUAL,13.4,2.6,48,118,13,0,,82.8,7,41,3,10,3,2
VALEMOUNT 2,2021-06-13,ACTUAL,11.2,7.4,77,95,4,1.2,,73.2,8,47,0.8,11,1,1
VALEMOUNT 2,2021-06-14,MANUAL,19.9,7.9,46,143,8,0.4,,84.1,11,54,2.8,14,4,2
VALEMOUNT 2,2021-06-15,MANUAL,13.3,8.2,71,143,10,0.8,,80.3,12,59,1.9,16,2,2
VALEMOUNT 2,2021-06-16,MANUAL,15.4,0.3,36,183,15,0.4,,87,15,66,5.8,19,9,2
VALEMOUNT 2,2021-06-17,MANUAL,19.9,-3.8,20,233,9,0,,92.2,19,73,9.3,23,14,3
VALEMOUNT 2,2021-06-18,ACTUAL,18.6,6.7,46,8,6,0,,90.3,22,79,6,26,11,3
VALEMOUNT 2,2021-06-19,ACTUAL,9.4,8.8,96,349,5,4,,41.5,15,80,0.1,20,0,2
VALEMOUNT 2,2021-06-20,ACTUAL,18.9,11.8,63,79,5,10.2,,42.8,9,69,0.1,14,0,1
VALEMOUNT 2,2021-06-21,ACTUAL,25.4,6,29,63,8,0,,82.1,14,77,2.1,20,3,2
VALEMOUNT 2,2021-06-22,ACTUAL,22.5,0.9,24,192,8,0,,90.9,19,85,7.5,24,12,3
VALEMOUNT 2,2021-06-23,ACTUAL,23,5.8,33,9,4,0,,91,23,92,5.9,29,11,3
VALEMOUNT 2,2021-06-24,ACTUAL,22,9.5,45,89,5,1.6,,82.5,26,100,2,31,4,2
VALEMOUNT 2,2021-06-25,ACTUAL,26.7,9.5,34,2,9,0,,90.2,30,108,6.8,36,14,3
VALEMOUNT 2,2021-06-26,ACTUAL,31.3,12.6,32,30,5,0,,92.4,36,117,7.6,41,16,3
VALEMOUNT 2,2021-06-27,ACTUAL,33.3,10.6,25,64,6,0,,94.3,43,126,10.4,46,22,4
VALEMOUNT 2,2021-06-28,ACTUAL,33.9,11.7,26,82,7,0,,94.3,50,136,11.1,52,24,4
VALEMOUNT 2,2021-06-29,ACTUAL,36,12.2,24,83,5,0,,95.1,57,146,11.5,58,26,4
VALEMOUNT 2,2021-06-30,ACTUAL,36.1,13.5,26,35,5,0,,95.1,64,156,11.1,64,27,4
VALEMOUNT 2,2021-07-01,ACTUAL,29.7,14.6,40,337,8,0,,92.8,69,165,9.5,69,25,4
VALEMOUNT 2,2021-07-02,ACTUAL,24.8,15.8,57,99,9,3,,76.4,56,169,1.3,61,5,3
VALEMOUNT 2,2021-07-03,ACTUAL,22.7,7.2,37,8,3,0,,86.7,60,177,3.1,65,11,3
VALEMOUNT 2,2021-07-04,ACTUAL,25,11.2,42,10,8,0,,89.1,63,185,5.7,68,17,4
VALEMOUNT 2,2021-07-05,ACTUAL,22.5,8.9,42,333,4,2.8,,76.2,54,193,1,64,3,3
VALEMOUNT 2,2021-07-06,ACTUAL,23.8,9.3,40,80,7,2,,80.3,52,201,1.7,63,6,3
VALEMOUNT 2,2021-07-07,ACTUAL,28.7,5.5,23,350,5,0,,92.3,57,210,7.8,68,22,4
VALEMOUNT 2,2021-07-08,ACTUAL,27.9,10.5,34,18,6,0,,92.3,62,219,8.2,73,23,4
VALEMOUNT 2,2021-07-09,ACTUAL,28,9.2,31,64,7,0,,92.4,67,227,8.5,77,25,4
VALEMOUNT 2,2021-07-10,ACTUAL,26.8,10.8,37,139,6,0.4,,92.4,71,236,8.3,81,25,4
VALEMOUNT 2,2021-07-11,ACTUAL,22.9,6.9,36,324,7,0.2,,92.1,74,244,8.2,84,25,4
VALEMOUNT 2,2021-07-12,ACTUAL,26.8,5.6,26,342,6,0,,93,79,252,8.8,89,27,4
VALEMOUNT 2,2021-07-13,ACTUAL,27.8,6.5,26,81,4,0,,93.3,84,261,8.3,93,27,4
VALEMOUNT 2,2021-07-14,ACTUAL,24.9,7.4,33,70,6,0,,93,88,269,8.9,97,29,4
VALEMOUNT 2,2021-07-15,ACTUAL,19.7,9.6,52,124,3,0,,89.9,91,276,4.9,100,19,4
VALEMOUNT 2,2021-07-16,ACTUAL,19.2,12.3,64,174,4,0.2,,87.4,92,284,3.5,102,15,4
VALEMOUNT 2,2021-07-17,ACTUAL,18.8,11.7,63,107,4,1.4,,78,94,291,1.2,104,6,3
VALEMOUNT 2,2021-07-18,ACTUAL,23.2,7.6,37,92,6,0,,87.7,98,299,4.2,107,18,4
VALEMOUNT 2,2021-07-19,ACTUAL,27.4,3.8,22,71,6,0,,93.3,103,307,9.2,112,31,5
VALEMOUNT 2,2021-07-20,ACTUAL,24.7,7.7,34,87,7,0,,92.8,107,315,9,116,31,5
VALEMOUNT 2,2021-07-21,ACTUAL,21,7.2,41,141,5,0,,91.4,110,323,6.6,119,26,4
VALEMOUNT 2,2021-07-22,ACTUAL,14.6,0,37,194,11,0.4,,90.7,112,329,8.3,121,30,5
VALEMOUNT 2,2021-07-23,ACTUAL,18.6,7.4,48,97,8,0,,89.5,115,336,5.9,124,24,5
VALEMOUNT 2,2021-07-24,ACTUAL,20,9.9,52,125,8,0,,88.8,117,343,5.5,126,23,5
VALEMOUNT 2,2021-07-25,ACTUAL,21.7,11.2,51,359,5,0,,88.9,120,351,4.7,129,21,5
VALEMOUNT 2,2021-07-26,ACTUAL,21.9,10.1,47,107,8,1,,85.5,123,359,3.4,132,17,4
VALEMOUNT 2,2021-07-27,ACTUAL,23.6,10.6,44,34,4,2.8,,76.4,91,367,1,113,6,3
VALEMOUNT 2,2021-07-28,ACTUAL,24,7.9,36,92,6,0,,87.7,95,375,4.1,116,18,4
VALEMOUNT 2,2021-07-29,ACTUAL,24,11.7,46,39,5,0,,88.5,98,383,4.4,120,19,5
VALEMOUNT 2,2021-07-30,ACTUAL,27.6,11.1,36,348,5,0,,90.8,103,391,6.1,124,25,5
VALEMOUNT 2,2021-07-31,ACTUAL,28.9,11.8,35,351,4,0,,91.5,107,400,6.6,129,26,5
VALEMOUNT 2,2021-08-01,ACTUAL,24.6,10.8,42,180,2,0,,91.3,110,408,5.6,132,24,5
VALEMOUNT 2,2021-08-02,ACTUAL,20.8,16.1,74,118,5,2,,72.4,95,414,0.9,121,5,3
VALEMOUNT 2,2021-08-03,ACTUAL,25.3,13.9,49,117,6,5,,69.5,63,406,0.8,90,4,3
VALEMOUNT 2,2021-08-04,ACTUAL,26.2,9.9,36,127,7,0,,87.1,66,414,4,95,16,4
VALEMOUNT 2,2021-08-05,ACTUAL,26.9,10.1,35,98,7,0,,90.7,70,422,6.6,99,24,4
VALEMOUNT 2,2021-08-06,ACTUAL,12.3,11.2,93,138,4,2.2,,59.9,61,427,0.5,90,2,3
VALEMOUNT 2,2021-08-07,ACTUAL,17.4,9.4,59,141,10,0.8,,74.7,62,433,1.2,92,6,3
VALEMOUNT 2,2021-08-08,ACTUAL,21.4,8.3,43,57,6,0.4,,85.3,65,440,3,95,13,4
VALEMOUNT 2,2021-08-09,ACTUAL,22.5,10.6,47,69,7,0,,87.6,68,447,4.3,98,17,4
VALEMOUNT 2,2021-08-10,ACTUAL,17.9,9.3,57,82,4,0,,87.5,69,453,3.7,100,16,4
VALEMOUNT 2,2021-08-11,ACTUAL,24.7,5.9,30,33,6,0,,91.2,73,461,6.7,105,25,4
VALEMOUNT 2,2021-08-12,ACTUAL,25.4,7.9,33,0,5,0,,91.4,77,468,6.8,109,25,4
VALEMOUNT 2,2021-08-13,ACTUAL,28.3,6.3,25,90,9,0,,93.4,81,477,10.6,114,35,5
VALEMOUNT 2,2021-08-14,ACTUAL,27.9,8.6,30,110,8,0,,93.4,85,485,10.1,119,34,5
VALEMOUNT 2,2021-08-15,ACTUAL,17.3,15.6,90,122,5,2.4,,61.6,71,491,0.6,104,3,3
VALEMOUNT 2,2021-08-16,ACTUAL,14.9,10.6,75,335,4,13,,33.5,35,437,0,58,0,2
VALEMOUNT 2,2021-08-17,ACTUAL,19.3,6.7,44,85,7,0,,69,37,444,0.9,62,3,3
VALEMOUNT 2,2021-08-18,ACTUAL,18.4,6.9,47,128,7,0,,82,39,450,2.1,65,7,3
VALEMOUNT 2,2021-08-19,ACTUAL,12.7,12.4,98,326,3,5.6,,29.6,25,435,0,43,0,2
VALEMOUNT 2,2021-08-20,ACTUAL,21,4.8,35,117,6,0.2,,70.7,28,442,0.9,48,2,3
VALEMOUNT 2,2021-08-21,ACTUAL,20.9,6.3,39,96,6,0,,84.6,30,449,2.7,52,8,3
VALEMOUNT 2,2021-08-22,ACTUAL,6.8,6.8,100,354,4,18,,13.8,12,378,0,22,0,2
VALEMOUNT 2,2021-08-23,ACTUAL,7.4,7.2,99,336,2,13,,2.6,5,337,0,10,0,1
VALEMOUNT 2,2021-08-24,ACTUAL,15.8,8.1,60,117,9,0,,39.7,7,343,0.1,13,0,1
VALEMOUNT 2,2021-08-25,ACTUAL,19.5,6.5,43,59,5,0,,71.2,9,349,0.8,17,1,1
VALEMOUNT 2,2021-08-26,ACTUAL,15.8,6.5,54,186,4,0,,80.1,11,355,1.4,20,2,2
VALEMOUNT 2,2021-08-27,ACTUAL,14.7,10,73,159,6,1.6,,70.3,11,361,0.8,20,1,2
VALEMOUNT 2,2021-08-28,ACTUAL,15.1,8.4,64,145,6,0.8,,75.8,12,366,1.1,23,1,2
VALEMOUNT 2,2021-08-29,ACTUAL,18.3,9.2,55,128,3,0,,82.3,14,373,1.7,26,3,2
VALEMOUNT 2,2021-08-30,ACTUAL,15.5,9.3,66,38,4,0,,83.2,15,378,2,28,4,2
VALEMOUNT 2,2021-08-31,ACTUAL,6.7,6.5,99,112,3,30,,11.7,6,278,0,11,0,1
VALEMOUNT 2,2021-09-01,ACTUAL,10.1,7.3,83,105,4,8.8,,17.6,3,258,0,6,0,1
VALEMOUNT 2,2021-09-02,ACTUAL,17.6,7.1,50,306,5,0,,53.9,5,263,0.3,9,0,1
VALEMOUNT 2,2021-09-03,ACTUAL,18.6,7.4,48,114,6,0,,75.8,6,268,1.1,12,1,1
VALEMOUNT 2,2021-09-04,ACTUAL,19.3,6.7,44,107,8,0,,85,8,273,3.1,16,4,2
VALEMOUNT 2,2021-09-05,ACTUAL,16,8.6,61,119,5,0.4,,85.1,10,278,2.7,18,4,2
VALEMOUNT 2,2021-09-06,ACTUAL,17.2,4.1,42,158,11,1.8,,79.8,10,283,1.9,19,3,2
VALEMOUNT 2,2021-09-07,ACTUAL,21.8,7.9,41,105,7,0,,87.1,13,288,4.1,23,7,2
VALEMOUNT 2,2021-09-08,ACTUAL,15.1,12.1,82,115,5,0.4,,83.4,13,293,2.2,24,4,2
VALEMOUNT 2,2021-09-09,ACTUAL,12.7,12.2,97,88,6,2.2,,54.3,11,297,0.3,20,0,2
VALEMOUNT 2,2021-09-10,ACTUAL,15.5,10.5,72,116,4,1,,63.5,12,301,0.6,21,1,2
VALEMOUNT 2,2021-09-11,ACTUAL,14.9,11.9,82,143,8,1,,66.2,12,306,0.8,22,1,2
VALEMOUNT 2,2021-09-12,ACTUAL,13.1,9.6,79,191,4,4.6,,42.8,8,299,0.1,15,0,1
VALEMOUNT 2,2021-09-13,ACTUAL,14.9,5.1,52,200,6,0,,67.2,9,303,0.8,17,1,1
VALEMOUNT 2,2021-09-14,ACTUAL,9.7,8.3,91,154,5,0.2,,69.3,10,307,0.8,18,1,1
VALEMOUNT 2,2021-09-15,ACTUAL,7.1,4.4,83,334,4,13.6,,26,4,270,0,9,0,1
VALEMOUNT 2,2021-09-16,ACTUAL,11.1,-0.5,45,139,8,0,,57.2,6,273,0.5,11,0,1
VALEMOUNT 2,2021-09-17,ACTUAL,6,2.8,80,164,7,0,,64.9,6,276,0.8,11,0,1
VALEMOUNT 2,2021-09-18,ACTUAL,7,6.5,97,325,5,32.4,,10.5,2,189,0,4,0,1
VALEMOUNT 2,2021-09-19,ACTUAL,11,5.2,67,165,8,2.4,,34.5,2,193,0,3,0,1
VALEMOUNT 2,2021-09-20,ACTUAL,12.2,5,61,171,9,0,,59.6,3,197,0.6,5,0,1
VALEMOUNT 2,2021-09-21,ACTUAL,13.2,4.7,56,159,9,0.2,,75,4,201,1.2,7,1,1
VALEMOUNT 2,2021-09-22,ACTUAL,12.8,9.6,81,145,8,7.4,,40.2,2,189,0.1,4,0,1
VALEMOUNT 2,2021-09-23,ACTUAL,9.8,4.4,69,47,4,0,,56.4,3,193,0.4,5,0,1
VALEMOUNT 2,2021-09-24,ACTUAL,16.7,5.3,47,179,9,0,,77,4,198,1.4,8,1,1
VALEMOUNT 2,2021-09-25,ACTUAL,14.7,8.5,66,116,8,0,,81,5,202,1.9,10,1,2
VALEMOUNT 2,2021-09-26,ACTUAL,10.5,7.4,81,170,8,3.6,,51.9,3,200,0.3,6,0,1
VALEMOUNT 2,2021-09-27,ACTUAL,14.2,4.5,52,159,9,5.2,,54,3,194,0.4,5,0,1
VALEMOUNT 2,2021-09-28,ACTUAL,10.3,3.2,61,131,12,4.6,,50.4,2,190,0.3,3,0,1
VALEMOUNT 2,2021-09-29,ACTUAL,6.7,1.7,70,176,8,2.8,,47.5,1,190,0.2,2,0,1
VALEMOUNT 2,2021-09-30,ACTUAL,7.5,6.7,95,243,4,9.4,,15.4,0,172,0,0,0,1
VALEMOUNT 2,2021-10-01,ACTUAL,7.9,3.6,74,166,6,7.2,,24.4,0,161,0,1,0,1
VALEMOUNT 2,2021-10-02,ACTUAL,5.8,2.5,79,167,8,1.2,,37.2,1,162,0,1,0,1
VALEMOUNT 2,2021-10-03,ACTUAL,7.2,4.7,84,105,6,10.2,,21.2,0,144,0,0,0,1
VALEMOUNT 2,2021-10-04,ACTUAL,8.2,1.4,62,346,4,0,,42.9,1,146,0.1,1,0,1
VALEMOUNT 2,2021-10-05,ACTUAL,6.8,6.3,97,160,5,4,,22,0,142,0,0,0,1
VALEMOUNT 2,2021-10-06,ACTUAL,5.5,1.1,73,136,7,11.4,,22.7,0,121,0,1,0,1
VALEMOUNT 2,2021-10-07,ACTUAL,5.8,1,71,137,7,0,,41.7,1,123,0.1,1,0,1
VALEMOUNT 2,2021-10-08,ACTUAL,8,-1.8,50,85,10,0,,64,1,125,0.8,2,0,1
VALEMOUNT 2,2021-10-09,ACTUAL,6.2,-1.9,56,164,11,0,,74.6,2,127,1.3,3,0,1
VALEMOUNT 2,2021-10-10,ACTUAL,3.2,2.2,93,301,3,9.8,,22,0,110,0,1,0,1
VALEMOUNT 2,2021-10-11,ACTUAL,3.2,0.1,80,33,3,1.4,,29.7,0,111,0,1,0,1
VALEMOUNT 2,2021-10-12,ACTUAL,2.3,-3.8,64,118,8,0.2,,47.5,1,113,0.2,1,0,1
VALEMOUNT 2,2021-10-13,ACTUAL,4.4,-1.4,66,172,6,0,,60.7,1,114,0.6,2,0,1
VALEMOUNT 2,2021-10-14,ACTUAL,3.6,-1.7,68,143,9,0,,69.5,1,115,1,2,0,1
VALEMOUNT 2,2021-10-15,ACTUAL,5.1,1.6,78,155,9,0,,73.6,1,117,1.1,3,0,1
VALEMOUNT 2,2021-10-16,ACTUAL,4.9,4.4,97,128,4,2.2,,48.3,0,119,0.2,1,0,1
VALEMOUNT 2,2021-10-17,ACTUAL,6.1,5.8,98,195,7,22.6,,7.7,0,77,0,0,0,1
VALEMOUNT 2,2021-10-18,ACTUAL,1.7,0.8,94,331,3,2.6,,8.9,0,78,0,0,0,1
VALEMOUNT 2,2021-10-19,ACTUAL,10.1,6.5,78,10,3,6.8,,19.8,0,70,0,1,0,1
VALEMOUNT 2,2021-10-20,ACTUAL,7.4,6.5,94,62,3,0.2,,24.6,0,72,0,1,0,1
VALEMOUNT 2,2021-10-21,ACTUAL,9.5,3.7,67,126,5,0.2,,45.6,1,74,0.1,2,0,1
VALEMOUNT 2,2021-10-22,ACTUAL,8.5,6.1,85,104,7,0.8,,52.6,1,76,0.3,2,0,1
VALEMOUNT 2,2021-10-23,ACTUAL,8.5,2.8,67,166,7,0,,65.9,2,79,0.8,3,0,1
VALEMOUNT 2,2021-10-24,ACTUAL,8.6,2,63,93,3,0.2,,73.5,2,81,0.8,4,0,1
VALEMOUNT 2,2021-10-25,ACTUAL,5.5,2.3,80,152,8,1.4,,65.2,2,83,0.8,5,0,1
VALEMOUNT 2,2021-10-26,ACTUAL,5.7,1.3,73,158,10,0.8,,69.1,3,84,1,5,0,1
VALEMOUNT 2,2021-10-27,ACTUAL,2.9,1.2,89,162,8,8,,27.4,1,73,0,2,0,1
VALEMOUNT 2,2021-10-28,ACTUAL,1.3,1.3,100,138,2,3.6,,13.2,0,70,0,0,0,1
VALEMOUNT 2,2021-10-29,ACTUAL,-1.7,-2.1,97,142,3,0.6,,14.8,0,70,0,0,0,1
VALEMOUNT 2,2021-10-30,ACTUAL,-0.3,-5.3,69,104,5,1.4,,27.7,0,71,0,0,0,1
VALEMOUNT 2,2021-10-31,ACTUAL,0,-6.8,60,148,4,0,,43.6,0,71,0.1,0,0,1
VALEMOUNT AIRPORT,2021-05-01,ACTUAL,11.4,-0.8,43,294,18,22,100,53.9,23,49,0.6,23,1,2
VALEMOUNT AIRPORT,2021-05-02,ACTUAL,11,-2.9,38,255,14,0,100,75.9,25,54,1.7,25,3,2
VALEMOUNT AIRPORT,2021-05-03,ACTUAL,13.8,-1.9,34,140,13,0,100,85.5,27,59,4.3,27,8,3
VALEMOUNT AIRPORT,2021-05-04,ACTUAL,10.7,1.5,53,4,6,3.4,100,62.6,22,60,0.6,23,1,2
VALEMOUNT AIRPORT,2021-05-05,ACTUAL,15.7,-4.4,25,112,10,0,100,83.4,25,65,2.8,25,5,2
VALEMOUNT AIRPORT,2021-05-06,ACTUAL,17.5,-2.8,25,148,20,0,100,90.3,29,70,12.4,29,20,3
VALEMOUNT AIRPORT,2021-05-07,ACTUAL,6.3,2.4,76,350,14,3.2,100,59,22,71,0.8,25,1,2
VALEMOUNT AIRPORT,2021-05-08,ACTUAL,9.7,-0.8,48,273,11,8.4,100,48.7,13,62,0.2,17,0,1
VALEMOUNT AIRPORT,2021-05-09,ACTUAL,14.4,-6,24,257,8,0,100,76.9,16,67,1.3,20,2,2
VALEMOUNT AIRPORT,2021-05-10,ACTUAL,11.7,-1.2,41,201,7,0,100,83.7,18,71,2.5,22,4,2
VALEMOUNT AIRPORT,2021-05-11,ACTUAL,17.3,-4.1,23,11,5,1,100,86.7,22,77,3.4,26,6,2
VALEMOUNT AIRPORT,2021-05-12,ACTUAL,17.6,-0.3,30,75,5,0,100,89.7,25,82,5.2,29,10,3
VALEMOUNT AIRPORT,2021-05-13,ACTUAL,17.7,-2.1,26,331,12,0,100,91.2,29,88,9.2,32,17,3
VALEMOUNT AIRPORT,2021-05-14,ACTUAL,21.5,-1.2,22,52,7,0,100,92.8,34,94,9,36,17,3
VALEMOUNT AIRPORT,2021-05-15,ACTUAL,21.7,0.2,24,111,11,0,100,92.8,38,100,11.2,39,21,3
VALEMOUNT AIRPORT,2021-05-16,ACTUAL,22.8,4.7,31,103,14,0,100,92.9,43,107,13.1,43,25,3
VALEMOUNT AIRPORT,2021-05-17,ACTUAL,7.6,7,96,301,9,6.6,50,31.9,25,100,0,31,0,2
VALEMOUNT AIRPORT,2021-05-18,ACTUAL,12,-0.3,43,135,22,9,50,51.9,15,89,0.6,21,1,2
VALEMOUNT AIRPORT,2021-05-19,ACTUAL,10.8,1.6,53,316,13,13.4,50,44.4,8,70,0.1,13,0,1
VALEMOUNT AIRPORT,2021-05-20,ACTUAL,12.8,-6.3,26,261,7,0.4,50,72.9,11,75,1,16,1,1
VALEMOUNT AIRPORT,2021-05-21,ACTUAL,16.3,-11.3,14,230,11,0,50,89.3,15,80,6.6,20,10,3
VALEMOUNT AIRPORT,2021-05-22,ACTUAL,20.7,-9.8,12,231,8,0,50,94.5,20,86,12.1,25,18,3
VALEMOUNT AIRPORT,2021-05-23,MANUAL,23.9,-3.5,16,259,7,0,,94.9,25,93,12.3,30,20,3
VALEMOUNT AIRPORT,2021-05-24,MANUAL,14.5,6.9,60,335,10,4.8,,62.3,18,91,0.8,24,1,2
VALEMOUNT AIRPORT,2021-05-25,ACTUAL,16.8,7.5,54,131,14,0.8,,77.2,20,97,1.8,27,3,2
VALEMOUNT AIRPORT,2021-05-26,ACTUAL,18.3,2.5,35,141,17,0,,87.3,24,102,6.7,30,13,3
VALEMOUNT AIRPORT,2021-05-27,ACTUAL,12.2,7.6,73,157,12,2.2,,68.5,21,107,1.1,28,2,2
VALEMOUNT AIRPORT,2021-05-28,ACTUAL,12.2,4.2,58,338,9,0.2,,78.1,23,111,1.5,30,3,2
VALEMOUNT AIRPORT,2021-05-29,ACTUAL,19.1,-2,24,114,14,0,,89.6,27,117,8.1,34,16,3
VALEMOUNT AIRPORT,2021-05-30,ACTUAL,22,2,27,112,13,0,,91.7,31,124,10.6,38,20,3
VALEMOUNT AIRPORT,2021-05-31,ACTUAL,24.9,4.5,27,114,4,0,,92.4,36,131,7.3,43,16,3
VALEMOUNT AIRPORT,2021-06-01,ACTUAL,25.4,7,31,117,11,0,,92.5,41,139,10.5,47,22,4
VALEMOUNT AIRPORT,2021-06-02,ACTUAL,28.5,6.5,25,141,12,0,,93.5,47,147,12.6,52,27,4
VALEMOUNT AIRPORT,2021-06-03,ACTUAL,24.4,5.1,29,139,14,0,,93.5,52,155,14.6,56,31,4
VALEMOUNT AIRPORT,2021-06-04,ACTUAL,18.2,3.9,39,109,2,0,,91.8,55,162,6,59,17,3
VALEMOUNT AIRPORT,2021-06-05,ACTUAL,16.5,6,50,164,13,15.4,,57.8,27,135,0.7,36,1,2
VALEMOUNT AIRPORT,2021-06-06,ACTUAL,9.8,3.4,64,230,11,4.2,,50.8,19,134,0.3,28,0,2
VALEMOUNT AIRPORT,2021-06-07,ACTUAL,7,4.3,83,144,12,2.4,,46.3,16,139,0.2,25,0,2
VALEMOUNT AIRPORT,2021-06-08,ACTUAL,15.8,4.5,47,277,11,16.6,,49.7,9,112,0.3,16,0,1
VALEMOUNT AIRPORT,2021-06-09,MANUAL,12.7,6.1,64,144,7,0.8,,65.2,11,118,0.8,17,1,1
VALEMOUNT AIRPORT,2021-06-10,ACTUAL,14.1,1.6,43,146,9,2.2,,69.9,11,124,1,18,1,1
VALEMOUNT AIRPORT,2021-06-11,ACTUAL,16.4,-0.5,32,78,6,0,,84,14,130,2.5,22,4,2
VALEMOUNT AIRPORT,2021-06-12,ACTUAL,18,4.1,40,146,15,0,,87.8,17,137,6.8,26,12,3
VALEMOUNT AIRPORT,2021-06-13,ACTUAL,13.1,8.4,73,119,7,2,,69.2,16,142,0.8,25,1,2
VALEMOUNT AIRPORT,2021-06-14,ACTUAL,20.9,9.8,49,120,16,0.2,,83.7,19,150,3.9,29,8,2
VALEMOUNT AIRPORT,2021-06-15,MANUAL,15.6,10.4,71,132,10,2.8,,65.3,16,156,0.9,25,1,2
VALEMOUNT AIRPORT,2021-06-16,MANUAL,16.5,4.8,46,4,4,0.6,,78.4,18,162,1.2,29,2,2
VALEMOUNT AIRPORT,2021-06-17,MANUAL,21.8,1.4,26,1,7,0,,89.5,23,169,5.7,34,12,3
VALEMOUNT AIRPORT,2021-06-18,ACTUAL,19.3,5.6,41,308,8,0,,89.5,26,176,6,38,13,3
VALEMOUNT AIRPORT,2021-06-19,ACTUAL,11.5,9.7,89,341,11,3.8,,50.2,19,176,0.3,30,0,2
VALEMOUNT AIRPORT,2021-06-20,ACTUAL,19.7,8.4,48,253,6,12,,52.2,12,157,0.3,20,0,1
VALEMOUNT AIRPORT,2021-06-21,ACTUAL,27.3,4.9,24,102,7,0,,86.7,17,166,3.8,27,7,2
VALEMOUNT AIRPORT,2021-06-22,ACTUAL,26.9,8.7,32,21,5,0,,91.1,22,174,6.4,34,13,3
VALEMOUNT AIRPORT,2021-06-23,ACTUAL,23.7,5.5,31,333,10,0,,91.5,27,182,8.8,39,18,3
VALEMOUNT AIRPORT,2021-06-24,ACTUAL,23.4,7.8,37,8,7,1.4,,86.2,31,189,3.6,44,9,3
VALEMOUNT AIRPORT,2021-06-25,ACTUAL,26.8,10,35,300,21,0,,90.8,36,197,14,49,28,4
VALEMOUNT AIRPORT,2021-06-26,ACTUAL,31.8,11,28,315,5,0,,93.3,42,206,8.6,56,21,4
VALEMOUNT AIRPORT,2021-06-27,ACTUAL,34.4,10.9,24,118,11,0,,94.8,49,216,14.4,63,32,4
VALEMOUNT AIRPORT,2021-06-28,ACTUAL,35.4,11.7,24,184,9,0,,95,56,226,13.4,69,32,4
VALEMOUNT AIRPORT,2021-06-29,ACTUAL,36.2,12.4,24,143,11,0,,95.2,64,236,15.5,76,37,5
VALEMOUNT AIRPORT,2021-06-30,ACTUAL,36.3,10.5,21,150,9,0,,95.8,72,246,14.9,83,37,5
VALEMOUNT AIRPORT,2021-07-01,ACTUAL,29.4,14.8,41,332,12,0,,92.7,76,255,11.6,87,32,5
VALEMOUNT AIRPORT,2021-07-02,ACTUAL,27.3,12.5,40,73,7,1.2,,87.9,80,263,4.4,91,17,4
VALEMOUNT AIRPORT,2021-07-03,ACTUAL,25.1,6.2,30,354,7,0,,91.4,84,272,7.6,95,25,4
VALEMOUNT AIRPORT,2021-07-04,ACTUAL,22.6,11.4,49,341,11,0,,89.9,87,279,7.5,98,26,4
VALEMOUNT AIRPORT,2021-07-05,ACTUAL,24.3,9.4,39,239,3,1,,87.2,91,287,3.4,101,15,4
VALEMOUNT AIRPORT,2021-07-06,ACTUAL,25.8,11.5,41,175,8,1.4,,85.8,94,296,3.6,105,16,4
VALEMOUNT AIRPORT,2021-07-07,ACTUAL,28.8,7.3,26,19,9,0,,92.6,99,305,9.5,110,32,5
VALEMOUNT AIRPORT,2021-07-08,ACTUAL,27.1,9.4,33,332,14,0,,92.7,104,313,12.9,114,39,5
VALEMOUNT AIRPORT,2021-07-09,ACTUAL,30.8,9,26,87,7,0,,93.7,109,322,10,118,34,5
VALEMOUNT AIRPORT,2021-07-10,ACTUAL,29.9,10.9,31,120,14,0,,93.8,114,332,14.5,123,44,5
VALEMOUNT AIRPORT,2021-07-11,ACTUAL,26.3,6.8,29,309,15,0,,93.8,119,340,15.7,127,47,5
VALEMOUNT AIRPORT,2021-07-12,ACTUAL,26.8,6.2,27,334,10,0,,93.9,124,349,12.2,131,40,5
VALEMOUNT AIRPORT,2021-07-13,ACTUAL,29.1,7.6,26,359,7,0,,93.9,129,357,10.4,136,37,5
VALEMOUNT AIRPORT,2021-07-14,ACTUAL,26.9,7.3,29,93,5,0,,94,134,366,9.5,140,35,5
VALEMOUNT AIRPORT,2021-07-15,ACTUAL,21.8,8.6,43,325,9,0,,91.3,137,374,8,143,31,5
VALEMOUNT AIRPORT,2021-07-16,ACTUAL,21,13,60,60,2,0.6,,87.8,139,381,3.5,145,18,5
VALEMOUNT AIRPORT,2021-07-17,ACTUAL,21.3,12.5,57,312,3,5.2,,61.7,79,373,0.5,103,2,3
VALEMOUNT AIRPORT,2021-07-18,ACTUAL,26.1,9.8,36,152,9,0,,85.8,83,382,3.7,107,16,4
VALEMOUNT AIRPORT,2021-07-19,ACTUAL,27.5,8.8,31,336,5,0,,91.2,87,390,6.5,112,25,4
VALEMOUNT AIRPORT,2021-07-20,ACTUAL,25.3,9.1,36,346,8,0,,91.3,91,399,7.5,116,28,4
VALEMOUNT AIRPORT,2021-07-21,ACTUAL,22.7,9.1,42,325,10,0,,90.9,95,407,8,120,29,5
VALEMOUNT AIRPORT,2021-07-22,ACTUAL,18.1,4.9,42,157,7,0.6,,88.4,97,413,4.8,122,21,5
VALEMOUNT AIRPORT,2021-07-23,ACTUAL,18,7.1,49,349,7,0,,88.5,100,420,4.9,125,21,5
VALEMOUNT AIRPORT,2021-07-24,ACTUAL,24.1,8.8,38,226,6,0,,89.9,103,428,5.8,129,24,5
VALEMOUNT AIRPORT,2021-07-25,ACTUAL,19.4,9.9,54,330,12,0,,88.6,105,436,6.5,131,26,5
VALEMOUNT AIRPORT,2021-07-26,ACTUAL,21.6,11.4,52,153,5,2.2,,76.7,89,443,1.1,119,6,3
VALEMOUNT AIRPORT,2021-07-27,ACTUAL,24.5,9.2,38,2,8,0,,87.8,93,451,4.7,123,20,5
VALEMOUNT AIRPORT,2021-07-28,ACTUAL,26.5,7.4,30,171,9,0,,91.6,98,460,8.4,128,31,5
VALEMOUNT AIRPORT,2021-07-29,ACTUAL,25.5,10.1,38,345,8,0,,91.7,102,468,8.1,132,31,5
VALEMOUNT AIRPORT,2021-07-30,ACTUAL,28.5,10.1,32,128,6,0,,92.1,106,477,7.8,137,30,5
VALEMOUNT AIRPORT,2021-07-31,ACTUAL,28.6,10.2,32,103,9,0,,92.2,111,486,9.3,141,35,5
VALEMOUNT AIRPORT,2021-08-01,ACTUAL,23.7,13.6,53,55,3,0,,89.8,113,493,4.9,144,22,5
VALEMOUNT AIRPORT,2021-08-02,ACTUAL,23.1,16,64,131,9,1.8,,78.4,102,500,1.5,135,9,4
VALEMOUNT AIRPORT,2021-08-03,ACTUAL,27.3,15.7,49,129,13,1.8,,82.9,95,508,3,129,15,4
VALEMOUNT AIRPORT,2021-08-04,ACTUAL,28.1,11.6,36,133,9,0,,90.2,98,516,7,133,28,5
VALEMOUNT AIRPORT,2021-08-05,ACTUAL,29.2,11.2,33,118,11,0,,91.9,103,524,9.7,138,35,5
VALEMOUNT AIRPORT,2021-08-06,ACTUAL,16.3,11.7,74,111,6,1.6,,74.9,97,530,1,133,6,3
VALEMOUNT AIRPORT,2021-08-07,ACTUAL,20.5,10.4,52,117,14,0,,84.3,99,537,3.9,136,19,5
VALEMOUNT AIRPORT,2021-08-08,ACTUAL,24.2,6.4,32,333,14,0,,90.5,103,544,9.2,140,34,5
VALEMOUNT AIRPORT,2021-08-09,ACTUAL,23.9,9.8,41,108,7,0,,90.5,106,552,6.7,143,28,5
VALEMOUNT AIRPORT,2021-08-10,ACTUAL,19.9,8.2,47,358,9,0,,89.7,108,558,6.5,146,27,5
VALEMOUNT AIRPORT,2021-08-11,ACTUAL,25.5,5.6,28,329,17,0,,92.2,112,566,13.8,150,45,5
VALEMOUNT AIRPORT,2021-08-12,ACTUAL,26.4,7.3,30,321,16,0,,92.2,116,574,13.2,154,44,5
VALEMOUNT AIRPORT,2021-08-13,ACTUAL,30.4,8.1,25,122,9,0,,93.8,121,582,11.8,159,42,5
VALEMOUNT AIRPORT,2021-08-14,ACTUAL,27.8,9.5,32,127,12,0,,93.6,125,590,13.3,164,45,5
VALEMOUNT AIRPORT,2021-08-15,ACTUAL,17.2,15.2,88,143,4,0.6,,82.9,126,596,2,165,12,4
VALEMOUNT AIRPORT,2021-08-16,ACTUAL,16.2,6.9,54,319,8,8.6,,55.8,65,554,0.4,100,2,3
VALEMOUNT AIRPORT,2021-08-17,ACTUAL,20.5,4.4,35,301,12,0,,82.2,68,561,2.6,104,12,4
VALEMOUNT AIRPORT,2021-08-18,ACTUAL,20.7,7.6,43,163,10,0,,87.3,70,567,4.7,107,19,4
VALEMOUNT AIRPORT,2021-08-19,ACTUAL,16.1,11.1,72,341,9,0.4,,85.1,71,573,3.4,109,15,4
VALEMOUNT AIRPORT,2021-08-20,ACTUAL,23.6,4.4,29,191,10,0,,90.9,75,581,7.8,113,28,4
VALEMOUNT AIRPORT,2021-08-21,ACTUAL,20.5,6.7,41,264,8,0,,90.7,78,587,7.1,117,27,4
VALEMOUNT AIRPORT,2021-08-22,ACTUAL,9,7.9,93,305,9,30.6,,20.6,32,426,0,54,0,2
VALEMOUNT AIRPORT,2021-08-23,ACTUAL,12,7,71,321,12,24,,30.7,12,336,0,22,0,2
VALEMOUNT AIRPORT,2021-08-24,ACTUAL,18.3,6.1,45,144,7,0,,66.4,14,343,0.8,26,1,2
VALEMOUNT AIRPORT,2021-08-25,ACTUAL,21.3,5.5,36,124,13,0,,85.4,17,350,4.3,31,9,3
VALEMOUNT AIRPORT,2021-08-26,ACTUAL,16.9,8.9,59,134,6,0,,85.4,19,356,3.1,33,7,2
VALEMOUNT AIRPORT,2021-08-27,ACTUAL,20,8.3,47,125,9,0.4,,87.3,21,362,4.6,37,10,3
VALEMOUNT AIRPORT,2021-08-28,ACTUAL,18.7,9.5,55,128,11,0,,87.4,23,369,5.1,40,12,3
VALEMOUNT AIRPORT,2021-08-29,ACTUAL,21.3,9.2,46,151,14,0,,88.1,26,375,6.8,44,16,3
VALEMOUNT AIRPORT,2021-08-30,ACTUAL,17.1,7.2,52,317,11,0,,88.1,27,381,5.7,46,14,3
VALEMOUNT AIRPORT,2021-08-31,ACTUAL,8.9,7.5,91,126,3,36.8,,18.9,9,259,0,17,0,1
VALEMOUNT AIRPORT,2021-09-01,ACTUAL,13.3,8,70,319,12,10.8,,34.5,5,235,0,10,0,1
VALEMOUNT AIRPORT,2021-09-02,ACTUAL,18.5,4.6,40,304,12,0,,72,7,240,1.2,13,1,1
VALEMOUNT AIRPORT,2021-09-03,ACTUAL,20.7,7.3,42,134,10,0,,85.1,9,246,3.6,17,5,2
VALEMOUNT AIRPORT,2021-09-04,ACTUAL,20.2,8.2,46,132,13,0,,87.5,11,251,5.6,21,9,3
VALEMOUNT AIRPORT,2021-09-05,ACTUAL,19,9.5,54,133,9,0,,87.5,13,256,4.8,23,8,3
VALEMOUNT AIRPORT,2021-09-06,ACTUAL,20.3,7.3,43,78,8,1,,85.5,15,261,3.3,27,6,2
VALEMOUNT AIRPORT,2021-09-07,ACTUAL,23.7,8.5,38,115,12,0,,89.4,18,267,7,31,13,3
VALEMOUNT AIRPORT,2021-09-08,ACTUAL,15.7,12.7,82,138,8,0,,83.8,19,272,2.6,32,6,2
VALEMOUNT AIRPORT,2021-09-09,ACTUAL,15.3,11.9,80,310,8,4.6,,51.3,12,267,0.3,22,0,2
VALEMOUNT AIRPORT,2021-09-10,ACTUAL,18.7,10.9,60,128,8,0,,72.9,14,272,1.1,25,1,2
VALEMOUNT AIRPORT,2021-09-11,ACTUAL,16.7,12.7,77,127,7,2.4,,61.2,12,276,0.6,21,1,2
VALEMOUNT AIRPORT,2021-09-12,ACTUAL,15.1,10.4,73,172,8,14.2,,38.4,6,242,0,11,0,1
VALEMOUNT AIRPORT,2021-09-13,ACTUAL,15.4,7,57,136,5,0,,63.4,7,246,0.6,14,0,1
VALEMOUNT AIRPORT,2021-09-14,ACTUAL,11.8,9,83,128,10,0,,70.1,8,250,1,14,1,1
VALEMOUNT AIRPORT,2021-09-15,ACTUAL,9.4,3.4,66,246,5,15.2,,35.2,4,214,0,7,0,1
VALEMOUNT AIRPORT,2021-09-16,ACTUAL,13.9,3,48,184,8,0.4,,64.3,5,218,0.8,10,0,1
VALEMOUNT AIRPORT,2021-09-17,ACTUAL,9.8,3.1,63,138,15,0,,75.4,6,221,1.7,11,1,2
VALEMOUNT AIRPORT,2021-09-18,ACTUAL,9.2,7.9,92,107,4,41,,16.4,2,126,0,4,0,1
VALEMOUNT AIRPORT,2021-09-19,ACTUAL,14.2,5.3,55,131,9,1.4,,48.6,4,130,0.2,7,0,1
VALEMOUNT AIRPORT,2021-09-20,ACTUAL,15.5,5.7,52,146,12,0,,72.8,5,135,1.2,9,1,1
VALEMOUNT AIRPORT,2021-09-21,ACTUAL,17.7,5.2,44,142,19,0,,84.7,7,139,5.3,12,6,2
VALEMOUNT AIRPORT,2021-09-22,ACTUAL,13.5,11.7,89,336,9,5.8,,40.7,4,134,0.1,7,0,1
VALEMOUNT AIRPORT,2021-09-23,ACTUAL,11.9,3.9,58,287,7,4.6,,45.6,3,131,0.1,5,0,1
VALEMOUNT AIRPORT,2021-09-24,ACTUAL,19.6,5.9,41,139,26,0,,80,5,136,4.1,9,4,2
VALEMOUNT AIRPORT,2021-09-25,ACTUAL,14,8.7,70,197,6,0,,81.6,6,140,1.9,10,2,2
VALEMOUNT AIRPORT,2021-09-26,ACTUAL,15.3,9.1,66,121,17,4.2,,62.9,4,138,1.1,7,1,1
VALEMOUNT AIRPORT,2021-09-27,ACTUAL,18.7,4,38,143,17,7.8,,66.6,4,129,1.3,7,1,1
VALEMOUNT AIRPORT,2021-09-28,ACTUAL,14.9,3.7,47,137,17,4.8,,64,3,126,1.2,6,1,1
VALEMOUNT AIRPORT,2021-09-29,MANUAL,10.8,2.1,55,160,18,3.6,,60.8,2,125,1.1,4,0,1
VALEMOUNT AIRPORT,2021-09-30,ACTUAL,9.7,8.8,94,167,12,23.4,,16.5,1,83,0,1,0,1
VALEMOUNT AIRPORT,2021-10-01,ACTUAL,13.8,5.5,57,128,17,21.2,,42.5,1,48,0.1,2,0,1
VALEMOUNT AIRPORT,2021-10-02,ACTUAL,9.7,3.7,66,166,15,0.6,,62.7,2,51,1,3,0,1
VALEMOUNT AIRPORT,2021-10-03,ACTUAL,12.1,2.5,52,350,9,6.8,,51.1,1,44,0.3,2,0,1
VALEMOUNT AIRPORT,2021-10-04,ACTUAL,10.9,-0.3,46,307,6,0,,70.7,2,47,0.9,4,0,1
VALEMOUNT AIRPORT,2021-10-05,ACTUAL,7,6.5,97,168,7,4.2,,32.5,1,44,0,1,0,1
VALEMOUNT AIRPORT,2021-10-06,ACTUAL,11.7,3,55,161,9,15,,38.3,1,23,0,2,0,1
VALEMOUNT AIRPORT,2021-10-07,ACTUAL,7.2,1.9,69,209,5,0.2,,54.3,1,25,0.3,2,0,1
VALEMOUNT AIRPORT,2021-10-08,ACTUAL,10.6,-1.2,44,138,16,0,,75,2,27,1.7,4,1,1
VALEMOUNT AIRPORT,2021-10-09,ACTUAL,11,-0.5,45,144,17,0,,83,3,30,3.7,5,3,2
VALEMOUNT AIRPORT,2021-10-10,ACTUAL,6.3,-0.2,63,305,11,20.2,,38.6,1,2,0,1,0,1
VALEMOUNT AIRPORT,2021-10-11,ACTUAL,5.2,1.9,79,2,7,6.6,,27.5,0,2,0,0,0,1
VALEMOUNT AIRPORT,2021-10-12,ACTUAL,5.9,-4.3,48,142,15,0,,55.8,1,3,0.6,1,0,1
VALEMOUNT AIRPORT,2021-10-13,ACTUAL,9.7,0.3,52,177,9,0,,72.2,2,6,1.1,2,0,1
VALEMOUNT AIRPORT,2021-10-14,ACTUAL,8,-0.5,55,134,14,0,,79.5,2,8,2.1,3,1,1
VALEMOUNT AIRPORT,2021-10-15,ACTUAL,8.9,2.5,64,146,20,0.2,,81.8,3,10,3.8,3,2,2
VALEMOUNT AIRPORT,2021-10-16,ACTUAL,8.3,5.2,81,169,17,4.6,,49.8,1,7,0.4,2,0,1
VALEMOUNT AIRPORT,2021-10-17,ACTUAL,5.6,5.6,100,317,5,44.6,,3.8,0,2,0,0,0,1
VALEMOUNT AIRPORT,2021-10-18,ACTUAL,4.5,2,84,323,4,14.2,,11.7,0,2,0,0,0,1
VALEMOUNT AIRPORT,2021-10-19,ACTUAL,12.1,5.6,64,139,10,0,,42.4,1,4,0.1,1,0,1
VALEMOUNT AIRPORT,2021-10-20,ACTUAL,8.8,4.1,72,134,6,0,,57.5,1,7,0.5,2,0,1
VALEMOUNT AIRPORT,2021-10-21,ACTUAL,12.5,3.5,54,134,17,0,,75.5,2,10,1.8,3,1,1
VALEMOUNT AIRPORT,2021-10-22,ACTUAL,10.5,5.1,69,121,20,0.2,,79.8,3,12,3.1,4,2,2
VALEMOUNT AIRPORT,2021-10-23,ACTUAL,12.1,3.6,56,120,16,0,,83.4,4,15,3.7,5,2,2
VALEMOUNT AIRPORT,2021-10-24,ACTUAL,10.9,2.7,57,171,9,0,,84.2,4,18,3,5,2,2
VALEMOUNT AIRPORT,2021-10-25,ACTUAL,8.6,2.9,67,149,16,2.2,,68.4,3,20,1.3,5,1,1
VALEMOUNT AIRPORT,2021-10-26,ACTUAL,9.9,2.1,58,137,16,3.6,,59.5,2,19,0.9,4,0,1
VALEMOUNT AIRPORT,2021-10-27,ACTUAL,6.9,2,71,138,12,9,,38,1,8,0,1,0,1
VALEMOUNT AIRPORT,2021-10-28,ACTUAL,2.8,1.9,94,346,2,3.2,,23.6,0,7,0,0,0,1
VALEMOUNT AIRPORT,2021-10-29,ACTUAL,4,-2.8,61,290,9,1.8,,40.1,0,8,0.1,1,0,1
VALEMOUNT AIRPORT,2021-10-30,ACTUAL,3.3,-5.9,51,190,6,0,,58.4,1,9,0.5,1,0,1
VALEMOUNT AIRPORT,2021-10-31,ACTUAL,3.3,-6.2,50,108,8,0,,70.9,1,11,1,2,0,1
